slotId,deposit,burnRate,Adj_deposit,Adj_burnRate,owner,transactionHash,timestamp,gasUsed,gasPrice,ethSpent
7,1.00E+20,5.00E+12,100,0.5,0x26098C24cA52ae70FF173817E2285A7971c22139,b'9\x04mBL\xe9}+AM\xb9&\x11*\xdf\x83\xac\xa4\xb2\xf8\x14\xeap\xab\xe6\x05vYu\x8b*\x84',1621235600,242821,60000000000,0.01456926
9,7.80E+19,0,78,0,0x6e5d43A620fC9456A1F23BE69933a516E177dDec,"b'\x12\x99\xcc\xfe\xabLu\xcf\n\xfb\xf4F\xf1\x01\xcc\x7f,\xa2\x98\xad\xabBup)\x87\x84\xc9@\xda\xb9<'",1621253335,186549,60000000000,0.01119294
17,1.50E+20,1.00E+13,150,1,0x26098C24cA52ae70FF173817E2285A7971c22139,b'\x87\x15\xc9\x0e\xb3\x89]\xc6\xc7\x0c\xbe\x84i\xa39t\xd4\xac\x1b\x91Xn\xb9\x92\x95\x180|:5\xb7\x00',1621253540,174421,59000001459,0.010290839
1,1.00E+20,1.00E+12,100,0.1,0xED6F4Cd9288FB42F9E119F663B810bE25E857D0B,b'v(q\xac\xd1a\xa07Fu\xe0\x92?\xc9\x95{\xad6d~\x1bn\x08\xc7\x8cR!\x9f\xbd5\x9a\xdc',1621253737,191509,55000000000,0.010532995
50,0,0,0,0,0xbD75540343904343A49E084523596Ed8d9978d7b,b'ht\xc2\xb4<\xbf\xd2\xacc\xe68\x8e{\xc2+\xcc\xcb\xf3\x81u\x12\xcbG\n\xf9DQ\\\xe9\xac\x04\xbf',1621270882,120331,83000000000,0.009987473
9,7.90E+19,100000000,79,0,0x2c39B8C5B9D31299449474A4D0bcd8F9A32751E4,"b""\x08\xbd\x07\xed\x8a\xe2W\x80\xe5?\x1d\xc5\x8d.U26\xf7'\xd7\\EE\x14\xa9\xb7\xe7B\xa9\r\xab\x8a""",1621271904,207267,1.06E+11,0.021970302
38,3.86E+19,0,38.59,0,0x012CAe16d4c2C4EA8D1DAbAA193f0ac5a5F33c47,b'Y\xc0t\xc3\x15\x85\xb8\xadx\xd2\xc8\xd0t\xa7\xfa\x13\xf55\xd4\x90\xe2\x962j\x92\x1e\xb4\x06H\x90\xdf&',1621272536,171561,1.29E+11,0.022131369
49,1.00E+21,1.00E+11,1000,0.01,0x70edb8996c9E4C79c80f3041Cee023a0099d2Dda,b'\x9b3J\x02\xe3\x7f\x8c\xab\xad\xcd\x10\xbe\x9a\xf8\xec\x89\x85!\xef\xc0B\xe4\x9b\x98\xf9a\xca\x1cC\xc6H\xef',1621273145,191509,1.43E+11,0.027385787
48,1.00E+21,1.00E+11,1000,0.01,0x70edb8996c9E4C79c80f3041Cee023a0099d2Dda,"b'}\xc3\xd2\xcc\x98X\xe8\xaa\xad\x8b\xbd\x02\x16\xe0\xcb\x85\xc9""\xearO(\xbb\xa3\x17\x80\xdb\xd2!\xadC\x81'",1621273200,174409,1.39E+11,0.024242851
47,1.00E+21,1.00E+11,1000,0.01,0x70edb8996c9E4C79c80f3041Cee023a0099d2Dda,"b'\x02\x8b\x95\x90z\xc2_\x08F(\xc0\xd1\xcc\x13+,\x98\xbc;GU\xcch\x7ff[\xd7\xdd\xff\xc6\xc9\x97'",1621273440,174409,1.53E+11,0.026684577
2,1.00E+21,1.00E+11,1000,0.01,0x351Da3c9B54621f3905462E865FE3723DCBA8e81,"b""\x01=\xd7\xbf\x9eN\xdf\xb0\xea\x19\x04\x0c\xebYi\x840\xa3\xb9\x82&:'5\xd1\x94\xc0\x1d5\xb0\xb6\x0e""",1621273615,191509,1.64E+11,0.031407476
46,1.00E+21,100000000,1000,0,0x70edb8996c9E4C79c80f3041Cee023a0099d2Dda,"b""_n\xff\x7f\xablc\xc5o\x14\x00)\xc8\xa7\xc1\xe6\xaa8\xec\x8e\x90R\xe34{\xb3}p''\xd7Z""",1621273653,174397,2.00E+11,0.0348794
40,1.00E+21,10000000,1000,0,0x70edb8996c9E4C79c80f3041Cee023a0099d2Dda,"b"":O\xf8\x9e`\x86\x0bke\xd1\x8d\xb9v\x88'\x04\xe7\x15\xae\xd6\xe0\x86RF\x13\xc9\\\xff\x84\x91\xd5U""",1621273770,174397,1.43E+11,0.024938771
41,1.00E+21,10000000,1000,0,0x70edb8996c9E4C79c80f3041Cee023a0099d2Dda,b'v\xd7\xef\x14\x8d\xce\x12\x87\xa2z\xd5\x9e\xb8\xbc\x033\xf6\xfa\xcc\xdc\x9c\xc3\x9b\x11\xd5(\x16\xd0HBZ:',1621273829,174397,1.42E+11,0.024781814
42,1.00E+21,1000000,1000,0,0x70edb8996c9E4C79c80f3041Cee023a0099d2Dda,"b""''{\x90\x04\xaa\x8f:\xdf\x15\x93\x8b\xb5\xb2\xeaTFb\xb2\xde\xa1\xd1ez\x8d,\x13_\xc6\x96\xd4\x8b""",1621273868,174397,1.42E+11,0.024764374
42,1.00E+21,10000000,1000,0,0x70edb8996c9E4C79c80f3041Cee023a0099d2Dda,b'\xb9\xaa&\xe4\x8b1\xdeAu\xb27H\x05\xfa\xad9\xea\xf9T\xfe\xa9\xffUb\x1a\xdf\xf1?\xd4w-\xd7',1621274043,243314,2.00E+11,0.0486628
43,1.00E+21,100000000,1000,0,0x70edb8996c9E4C79c80f3041Cee023a0099d2Dda,"b'\xdd-C$}<\xa06\xa3""z\xea&\xddDE\xba+iS\xc4:\xdf7\xa1\x03\xa5\xfd\x95\x1c\xd7\x17'",1621274067,174397,1.42E+11,0.024764374
18,3.80E+19,0,38,0,0xAe22A659B0b58F4C61a6Aaf7fC0fe7b1f7Fa59fC,b'\n\xeb\xa6\x11\x1b\xa9\x8cf\xb7o!\x02\x94\x04\x9bp \xf7\xf0\xb0D;O\xd7\xb6`\x14d\x17\x10\xe9\xd8',1621274197,186561,1.42E+11,0.026491662
39,1.00E+21,10000000,1000,0,0x70edb8996c9E4C79c80f3041Cee023a0099d2Dda,b'\xc9\x832ip9\xe6\x19\x98<\x0f\xec5\xc6 \x7f\x04I\xb9\xb3#8p/\x1cB9\xa5=\x8bI\xe9',1621274197,174397,1.42E+11,0.024764374
37,1.00E+21,1.00E+11,1000,0.01,0x70edb8996c9E4C79c80f3041Cee023a0099d2Dda,b'n\xd5P\xc8\x14\xecMR\xbf\xde\x8b\xbf\xfa;\x10\x9fi\x0cP\xec \x0f\x0e\x86%\x17\xcc3\xaf\xfa\x08j',1621274252,174409,1.42E+11,0.024766078
36,1.00E+21,1.00E+11,1000,0.01,0x70edb8996c9E4C79c80f3041Cee023a0099d2Dda,b'\xdf\xbbp\xbe\x9e\x0b\xeeX!\xeb\xaa\x7fO\xeb\xa5\x8f\x8b\x99\x01r\xc5\xd4\xd7\xe6n\x82\xe6Vw\xc7\xf3@',1621274322,174409,1.41E+11,0.024591669
3,0,0,0,0,0xbfF18Ab4DB2F6eC31d2Fc807Bc5e0832B3335E54,b'\xd3\xaf\xc8\xd5\xe4h#D\xe0\x9d\x17\x16)V\xb3\xac\x86\x02\xc1\x80\x85\xd4\x84\x9a\xcb\xac\x12l\x06l\x90\xdf',1621274416,120331,1.49E+11,0.017929319
35,1.00E+21,1.00E+11,1000,0.01,0x70edb8996c9E4C79c80f3041Cee023a0099d2Dda,b'\xa9(\xa8\xb0\xf9\xda\xcbB\xd5\x94\xf5\xfac\xbc\xae\xc9\xb4Z\xd3\xc8WU\xaf\xb5\x85V\xaa\x83\xae\xd7\xaeR',1621274416,174409,1.37E+11,0.023894033
3,6.82E+20,0,681.76,0,0xbfF18Ab4DB2F6eC31d2Fc807Bc5e0832B3335E54,b'^\x0c\xa7\x8cU\x7f\xf6\xeb\x82g\xca\xe9\x14\xe1oxM\xae\xc2\xb2\xd1\tVT\x00\xdb\x06\xcc\xc2\x9e\t\xc8',1621274481,202853,1.62E+11,0.032862186
32,7.23E+20,2.00E+12,723.23,0.2,0x70edb8996c9E4C79c80f3041Cee023a0099d2Dda,"b""\x81\x11WuS+\x8a'nR\xb5\xfco\xd5\xfe\xed\xb3A\x18\x8c\xcf\xc6\x99W\x0e@\xb5\x00\x12\xe7\xa8\xe2""",1621274519,189421,1.80E+11,0.03409578
29,8.00E+19,1.00E+12,80,0.1,0xF512147180ebF2273636Eb2A8547424F90410D51,"b'5\xcf\x84\x06a\x0f\xc3\xa7Je\xd3\xc1\x99\xc2c\x84\xd4\x01C,R\x87\xee\xc6H\xed\xaf\x84\xc2\x93\x9b\xba'",1621274593,206509,1.57E+11,0.032421913
38,2.00E+20,10000000000,200,0,0xED6F4Cd9288FB42F9E119F663B810bE25E857D0B,b'Ay\xae\x94\x87\xc6r\xec\x86I\xc5\x8fM\xf7\x8f\xdc\x94\xc9\t\x83\x0f\x8ak\x06m\xd5\xc0\xd2Q`\x9f\xbc',1621275159,173079,1.44E+11,0.024923376
12,2.50E+20,5.00E+12,250,0.5,0x26098C24cA52ae70FF173817E2285A7971c22139,b'\xee\x1a\xce\x91U\xa2d\xacK\xa4\x17\x15\xfef\xf6xcN\x93e\xf4\xb6\xa2!h5Y\xcc\xffI\xdf~',1621275172,174421,1.23E+11,0.021453783
30,7.00E+20,2.00E+11,700,0.02,0xE864166688e95618920e32619753E23175f189ce,b'bc\x03(*\xe3\xf6{\xf5\x98\xf8\x10\xb6\xfdv8Y\x95\xcf\xc0^\x99\x84\xa6\x90\x97\xa5~I\x88\xe4\xbf',1621275234,191509,1.41E+11,0.027002769
31,6.09E+20,1.00E+11,609.45,0.01,0xE864166688e95618920e32619753E23175f189ce,"b'\xbc\x05\xfa\xd6\n\x8f\xfc\x98e\xf2\xcc\xdaqa\x1cr\x0f+\x85\x92\xf6\x02\xde{\xe8>\x9e,\xcf\xaf\xf0h'",1621275568,174409,1.41E+11,0.024591669
18,2.00E+20,10000000,200,0,0xED6F4Cd9288FB42F9E119F663B810bE25E857D0B,"b'\xca\x91\xde\x05\x85s\x0b\xc6\xd3\x89=X\x00Y\x9b\xdfb\xc3\xa1\xeco^0\x92\xe4\xca""\xdd\xd6?\xd2\x98'",1621275658,190167,1.28E+11,0.024341376
5,2.00E+20,10000000,200,0,0xED6F4Cd9288FB42F9E119F663B810bE25E857D0B,b';\x8d\xf2\x1b/%R\xa1U\xfd\xf1\x9d\xa0\xe5\xdd\xb9\x89\xfc`\xacF\xaa\x98\x1aDN\x16P\xa1%\x95\xeb',1621276088,174397,1.31E+11,0.022846007
4,2.00E+20,10000000,200,0,0xED6F4Cd9288FB42F9E119F663B810bE25E857D0B,b'D\xbc\xd44{U\xd6\xadK\xbeO\xac\r+\x82\xd1\xdcG\xb3!w\x8e\xaf8\xec=\xab\xddF\xdd\xa6\xdb',1621276179,174397,1.28E+11,0.022322816
44,1.00E+21,0,1000,0,0xbD75540343904343A49E084523596Ed8d9978d7b,b'\x06\x19e\\\xaa\x93\xe3\x95\x92\x8b\xe7p\x02M%%\xe1\x10\n\x1f\xb0\x00\x1a\x8ca\xdf\\n\x16f\xd1_',1621276577,171561,1.06E+11,0.018185466
6,1.00E+21,0,1000,0,0xbD75540343904343A49E084523596Ed8d9978d7b,b'\xd1\xb4\x04\x94\xd0\xa4\x81_z\xcd~B\xf0uKWOiv\xd3h\xa9\xc3\xf1\xe0\x13Z\x19\x85\\\x14\xae',1621276778,154461,1.09E+11,0.016836249
13,5.13E+19,1.00E+11,51.31,0.01,0x012CAe16d4c2C4EA8D1DAbAA193f0ac5a5F33c47,b'\x9f/N-\xa8\xeb\x14\x15\x1cG\xa8!nn\x9d\xdf4\xdfaGLtr\xdeK\xe5\xb4\x19\x84\x11[\xbc',1621276778,206509,1.06E+11,0.021889954
21,5.00E+20,0,500,0,0xbD75540343904343A49E084523596Ed8d9978d7b,"b""\x07\x96Wx\xf4\x8ea\x08]\xd9,'\x9dF\x08\x0b|\x81o9\xd2*/\xbc\xe7&=2x>\x8a\x99""",1621277116,154461,1.35E+11,0.020852235
21,1.00E+21,5.00E+11,1000,0.05,0x0788373603522a79fCC5710910C20067f64BAD17,b'b\xa6\x81\xfdb\x1b\xdaN\xd6{\xbe\xf8\xe2\x1dd\xc8\xdf<a\xc8\x9c\xca\xa6%\xdd\x87\xder\x12;?\x7f',1621277136,205179,1.01E+11,0.020723079
45,2.00E+20,100000000,200,0,0xED6F4Cd9288FB42F9E119F663B810bE25E857D0B,"b'2\xc9\xc7\x9b\x91\x83\xcb>0\xe0N""""\xe6\x92\xcb\x9e\x9b2\x9bF\x8d\x10GI\xc1$\x8f&\x13\x0f\x0c'",1621277144,174397,95000000000,0.016567715
22,5.00E+20,0,500,0,0xbD75540343904343A49E084523596Ed8d9978d7b,"b""\xc1\x17\x83\xfdM\xecF\xc7\xd9$\xd0\xfe'\x19\xf9f\xd1\xff\x8b\xa4\x83Kl\xc6\xa1\xc5)\xc4\x82\xf2\x14(""",1621277275,154461,1.05E+11,0.016141175
22,1.00E+21,5.00E+11,1000,0.05,0x0788373603522a79fCC5710910C20067f64BAD17,b'\x07\xae*\xfa\x87\xae\x15-\xfb9\x891!\x95\x19iH\x95\tV\x1f\x1b\xdd\xffn\x85x>\x85\xbcY\xe9',1621277305,170979,1.01E+11,0.017268879
23,8.81E+20,5.00E+11,881,0.05,0x0788373603522a79fCC5710910C20067f64BAD17,b'\x8b\xde\xf2\xf1\xd5+((\xdc\xe0\xb0\xaa\xd5\xf5L+EU NY\xe0\x126\xf6*_%\x17G\x06\xcb',1621277407,174409,1.01E+11,0.017615309
24,5.00E+20,0,500,0,0xbD75540343904343A49E084523596Ed8d9978d7b,b'\xdc\x8a\xfc\xa1\xfe\xbf\x1cAm\x0cN#H$\xf4\x1e\xbet\x9b=(\x0cX\xf1\xd2r\x16\xb3\x05\xa5Q\xcb',1621278198,154461,1.00E+11,0.015484715
34,5.00E+20,0,500,0,0xbD75540343904343A49E084523596Ed8d9978d7b,b'\x8a\xbbiN\x8c\x0cB\x84\xc4F\x8c\x15F\xac\xfdo\xb0\xb0by\xc3\x0e\r ^{\x9b\xea\x1eM\xec\xf4',1621278560,154461,1.10E+11,0.01699071
33,5.00E+20,0,500,0,0xbD75540343904343A49E084523596Ed8d9978d7b,"b',\x01t\x06W\x96\x18\xd2\xec\xc3\x044\xdc\x10\xcfX\x1d\x0f3\x93/Q\x8b%\x87D\x8dz\x95<\xe9w'",1621278817,154461,1.12E+11,0.017299632
14,0,1.00E+12,0,0.1,0x70edb8996c9E4C79c80f3041Cee023a0099d2Dda,"b""A<\xe7\xf2h\xe2\x96\xb3s^\xe2\xd4\x15\x1c\xf7\x0c\x11\x0f\xe4\x15\xa8\x83{\xf9'\x9b\x0erp\x83\xaa\x90""",1621279100,140279,1.50E+11,0.02104185
28,0,0,0,0,0x70edb8996c9E4C79c80f3041Cee023a0099d2Dda,"b""B'\x06\x82\xac\x8dZ\x80\xc9|\xf1I\xd8\xaa\x97\x8a\x03[M\x04\xfc!\r\xd8\x99@)r\x1c\xfb\x95s""",1621279223,120331,1.50E+11,0.01804965
8,0,1.00E+11,0,0.01,0x70edb8996c9E4C79c80f3041Cee023a0099d2Dda,"b""#\xe6\x8eJ0\xcdi\xd6L\x91l\xdc\xca\xe9'f\xa9\x8e\x06\xc3\xd8K\x03_\xcc\x8a\x9b\xea\r\x9d\xb2J""",1621279805,140279,1.05E+11,0.014729295
15,5.11E+20,5.00E+11,511,0.05,0x51BD9fd860223EF52cF77b517EbaB5cA58dc1c63,b'\xd14\x8d\xfc\xc6tM./By<\x8cC\xa2[\x80\x15\x89(Qq\xc6\x00\xc7j\xbc\x95P\xad3\xb0',1621280480,206509,1.00E+11,0.0206509
16,0,1.00E+11,0,0.01,0x70edb8996c9E4C79c80f3041Cee023a0099d2Dda,b'i\x80\xbe\xef\xc2\x15^\xff\x1ah^\xc8``\xce\nx]\x0f\x106]\x9b\xe3\x0eE\xba\x82\xaeo\tE',1621281234,140279,1.00E+11,0.0140279
10,0,1.00E+11,0,0.01,0x70edb8996c9E4C79c80f3041Cee023a0099d2Dda,b'\xae\xffH\x8a\xa8f_![\x00u\x93\x1d\xa3:\x84p|\xa7\x7f\n\xaat\xe1\x05X\xa2\x16K\x82\xdc@',1621281300,140279,1.00E+11,0.0140279
19,0,1.00E+11,0,0.01,0x70edb8996c9E4C79c80f3041Cee023a0099d2Dda,b'\xdb\xcd\x1f\x9a\xc2\xd7\x1a\x87\x1f+\x85\x90;q\xd6\xdf\xc3\xf0\xaa\x1ex\xdd\xdaxs`\x9d[\xce]\x89\xcb',1621281471,140279,99000000000,0.013887621
11,0,0,0,0,0x70edb8996c9E4C79c80f3041Cee023a0099d2Dda,"b""\x87\xda\xb1\x0b\x10\x18\x9e\xbe98`7t\xc2'\x10\xb3$\xd4\xddr\xa3%\xcd\xf6sa\xb0\xdb\xe2r:""",1621282428,120331,90000000085,0.01082979
27,6.20E+19,100000000,62,0,0xED6F4Cd9288FB42F9E119F663B810bE25E857D0B,"b'\x88\xbf\xday\xa9""\xda\x9ad\x8c#\x86""\xff\x97MJ1T\xa6\x14\xc4\x9a\xc7\xfb\x8d\x8b8AbS\x8d'",1621283304,174397,95000000000,0.016567715
20,0,0,0,0,0x70edb8996c9E4C79c80f3041Cee023a0099d2Dda,b'\x03\xe1bg\xbb$Y:n\xd7\x8d\x1e\x8frU\x06\t\x94f\xce\x1b\xfaU\ti\xae\xdb\xa0IK\x16\xd1',1621283385,120331,97000001459,0.011672107
26,0,0,0,0,0x70edb8996c9E4C79c80f3041Cee023a0099d2Dda,b'T\xf8\xcd\xb2B\xf7j\x85T.\x13\xb4K\x95\xf6O\xba\xa9yupr\xfa2\xe2x\x1e\xd6\xb9xK\xe7',1621283465,120331,97000000000,0.011672107
25,0,0,0,0,0x70edb8996c9E4C79c80f3041Cee023a0099d2Dda,b'l`*(f\x19\x9c\xcb\x0b}\x0bu\x97\xe9\xf30C4\x9d}=\\k\\\x03\x99\x96\x92\x98\xe2:\x8e',1621283529,120331,90000000000,0.01082979
50,7.80E+19,0,78,0,0x6e5d43A620fC9456A1F23BE69933a516E177dDec,b'U\xc9\x8cNm\xeeu\xeb~\xb8\xf3\xe8\x97\x13\x15\x12t\xb3\x05\x19\xf4\xe7\xfb\xa3\x8c\xb1s\xa3\xe0\xc0\x9e#',1621284539,188441,87000000000,0.016394367
25,2.00E+20,1.00E+13,200,1,0x26098C24cA52ae70FF173817E2285A7971c22139,b'\xe7\xe7\xb7\x1b\x07\xe3;L\xd1+\xde\x1c\xc9\xe6\xabHz\xb1\x13\xa2\xdc\xe7\x1cz#\xbff\x87\xf7\xc3\xb0X',1621289709,191330,68000000000,0.01301044
20,5.00E+20,1.00E+13,500,1,0x26098C24cA52ae70FF173817E2285A7971c22139,b'\xd1\x8co-\xbd\xe0\xce7\xadu\x8a&fPQu\r\xfd\xcb\xcc6i\xbc\xf3Z\xc3\xf8G\xc6\xc1\x85]',1621290076,191330,66000000000,0.01262778
11,1.40E+19,100000000,14,0,0x2c39B8C5B9D31299449474A4D0bcd8F9A32751E4,b'\x98\x82u\x90\x04\xc8\xd0=\x11\xf4\x8eRdg\xa5\x85\xbb\xc8K\x95\xdaA\xcd\x90\xbc\xd31\x83\xaf\xecX\xff',1621294959,191294,62060000000,0.011871706
26,1.01E+20,10000000,100.77,0,0x2c39B8C5B9D31299449474A4D0bcd8F9A32751E4,"b'\xf0<<*$\x12\xba\x1f\x16[\x03\x90\xb6\xc3\xc5\x91\xb1/\xd1\x96[\xb6\xecpaj\xb1""\xf6\x9a\xc3z'",1621295067,176294,62060000000,0.010940806
8,1.17E+20,1.10E+11,117,0.01,0x51BD9fd860223EF52cF77b517EbaB5cA58dc1c63,b's\x17TS\xb7\x11\xff\xae\xb8\xd2p\xd8B\xda\x18\xec\x04\xce\xf8\xb0W(\xd6^;\x18\xb2u\xbf\xceq\xe1',1621298359,174332,54000000000,0.009413928
10,0,1.20E+11,0,0.01,0xA25207Bb8f8EC2423E2ddf2686A0CD2048352f3E,b'f\x86\x8b\x07\t7\xa5\xa66_\xc8\xd5lsx^!o\x15\x80\xd8\x95\x99A\xc3\xfd\xfe\x88 Sx\xcf',1621300120,125430,50600000000,0.006346758
14,0,1.01E+12,0,0.1,0xA25207Bb8f8EC2423E2ddf2686A0CD2048352f3E,"b""*POW!T\x05\xbc7=\xb9\xf1\x94\xb4\xc1\x95\x19\xe6u\x0e}2,M\xcb'\x9e\x03\x85\xb7K\x00""",1621308684,125430,56000000000,0.00702408
28,1.00E+18,1.00E+11,1,0.01,0x4EA4A38e351Ae6e4d29F19a173986A178144132f,b'e$p.\x8bL\xa1\xae^\xb0;\xe6\x0e\xf6dg\xa9I\xc4\xaa\x03\xdd\x8e\x1c\xec\x9d\xe3\xd9p\xec\xe8\xba',1621327040,193406,57000000000,0.011024142
28,1.50E+19,2.00E+11,15,0.02,0x6e5d43A620fC9456A1F23BE69933a516E177dDec,b'\x8dG\xc1\xf38\xe5\xc3\x08PI}\x01\xf6]\xf4\xf1\x96\x99\x85\x993\xf9\xc3<u\xd2\xb2\x10 f\x84?',1621330698,210014,58000000000,0.012180812
10,1.50E+19,2.00E+11,15,0.02,0x6e5d43A620fC9456A1F23BE69933a516E177dDec,b'\xbb\xfaD\x0cN\xde\xac\x8c]\x02R\x9b\xd87{j\x87\x08\x87d-\xd1S\xf9\xf6/\xaaa\xac\x1bl\x93',1621332849,193520,50000000000,0.009676
18,2.27E+20,1.00E+11,227.03,0.01,0xA25207Bb8f8EC2423E2ddf2686A0CD2048352f3E,"b'\x0f\xbf""\x95<\xf0\xd9Z\xfc\x1a\xd1\xdf\xba\xea\xfe\xd2cm\xd5M\xca\xc9\xcb\xe3$U\xc0:\xe0D\xa9\xc0'",1621332952,212150,46000000000,0.0097589
16,8.00E+18,2.00E+11,8,0.02,0x6e5d43A620fC9456A1F23BE69933a516E177dDec,b'e\xd6\x83n\x02\x19\xdc\xa5\xe9\xa9+\xce\x9d#>\xad\xde\xd2\x80n\xe01Ao\x89\x88\x8aM\x17\x80\xfc0',1621333236,159320,47000000000,0.00748804
19,2.00E+20,100000000,200,0,0xED6F4Cd9288FB42F9E119F663B810bE25E857D0B,"b'w-\x8f\x866I\x17\xf4\xb0\\\xd2}\x03\x0c\xf8\x14\x15,\x05\xbc\xcde\xb3q\n\xd4\x81\xec\x85\xdc\x04\xa0'",1621335265,174303,43000000000,0.007495029
16,1.00E+19,2.50E+11,10,0.03,0xAe22A659B0b58F4C61a6Aaf7fC0fe7b1f7Fa59fC,b'\xe1\xb7{[\xe9\xf0\xbe\xb2L8\x89\x94\xb9\xd5+\x1e\xb8\x01\x0f\xb3\xbckn\x92\xb25\x1b\x95\x8b\xaeX\t',1621340916,210014,57000000000,0.011970798
50,1.00E+20,10,100,0,0xbD75540343904343A49E084523596Ed8d9978d7b,"b'\x00A\x8f\xb5T,\x13\xc3Z\xac\xa3\xc2\x98<)\x81\x15G\xe5`6\x8e^\x17]\\\xd6\xf6\xc8p\x90\xc4'",1621341026,185943,65000000000,0.012086295
11,1.50E+19,2.67E+12,15,0.27,0xAe22A659B0b58F4C61a6Aaf7fC0fe7b1f7Fa59fC,"b'\x7f\xeaf\x92%\x14\x06\xdd\x7f\xb9\x86\xae\xb5&\x90\n\xfc\x19\xe2\xa0\x98@\x87""\x92XgF\x8a\xd9#4'",1621342149,225026,62000000000,0.013951612
14,1.00E+19,2.00E+13,10,2,0xAe22A659B0b58F4C61a6Aaf7fC0fe7b1f7Fa59fC,b'{z\xa6\xc8\x0ca\xce\xec\xf4?L\x9eL\xf7\xfd\x81\x81=\xd5\xcdS(\xa9+\xbb\xee\x92\xd6\xcb\xcch\x16',1621343367,174332,71000000000,0.012377572
13,2.50E+20,6.75E+11,250,0.07,0x151D712669AdEBAA73624e6F735c157b6a0F5a5b,b'\xd0\xf2C\xa3\x94\xd8T\xf1\xa2\x829c\x12\xb1\\$\xde\x16v3\xce\xb9}9\xec\xd77\x89\xa5~a\xf8',1621355338,225026,90500000000,0.020364853
29,8.20E+19,1.10E+12,81.97,0.11,0x132DB8234171Cc9D8A65853cf03D5C0f46C8867e,b'\xd3\xbd\xf0\xd3\x1a\xa3a\xbc\x01\xf3\x96\x14r]d\xdb\xd1\x18Vp?\xc7;\xae0\xaa\x7f|\xaa\xd0R\xdc',1621371899,242126,1.19E+11,0.028812994
32,0,0,0,0,0x0000000000000000000000000000000000000000,b'\x87\xf4\x9c\x1c(&!\x1d\x94\xb7\x85J\x12[:\xec\xfd\xa3\x1f7_o5\xbe\xdb\x8e\x08\x01\x0f\x12Bo',1621412640,110339,1.01E+11,0.011144239
35,0,0,0,0,0x0000000000000000000000000000000000000000,"b""\xb0'\x04\xac\xcd\x07iq.\xa9\x84f\x16\x10\x10\xf9\xda\x11\xb6{/p\t7y\x08\x86\xf5'\xca\x05\n""",1621412770,110339,1.30E+11,0.01434407
36,0,0,0,0,0x0000000000000000000000000000000000000000,b'\xcf\xcd1\x94\xc6\x88h!(\xa1Q -\xf0\x0f;\x1b\xa0L\x005T\xf1KEym:[y\xa6W',1621412802,110339,1.40E+11,0.01544746
40,0,0,0,0,0x0000000000000000000000000000000000000000,b'\xc9#1\xac\x07\xa9\x8e\xc4\x117\xd4e\xaa~)\xc1\xe5\x97\x8a\xcf#\xba\x11\x04Wi\x0c]\x86\x88\x15\xef',1621412855,110339,1.40E+11,0.01544746
49,0,0,0,0,0x0000000000000000000000000000000000000000,"b'\x9bimz~\xbc\x95\xf5X\xca\xff\xce\xbfew\xbf\x9f\x18\xce1\xd9\xc5""\x18\x9bZ\x8cE={\xcf\xad'",1621413098,110339,1.40E+11,0.01544746
47,0,0,0,0,0x0000000000000000000000000000000000000000,b'\xc9%#=\xc4Ks\xf2\x89I\xb1\x0c\xf9\xd0\xc0\xad\xe0\xf7\xd7.\x9b\xb8\x91f\x89\xc5Yi\x92T\xb1F',1621413286,110339,1.20E+11,0.01324068
37,0,0,0,0,0x0000000000000000000000000000000000000000,"b'x\x07~\x01O\x99\xf2y=\xdb\xe3""\x84\x15\xa0\xf6\x8d\xd8\xc7\xb9\xe5E\x91\xeeh\xa3\xd5@\xd3\xfc\xfd\t'",1621413524,110339,1.30E+11,0.01434407
42,0,0,0,0,0x0000000000000000000000000000000000000000,b'8\xfe\x91v\x1c\x84\x9a\xb6\xf4\xfeX\x94\x18\xc0+\xc4uH\x1f\xbc\xee\x86\x9d\xef\xe5\x8a\x17\xe7\xa5\xf3\xe4\xec',1621413825,110339,1.30E+11,0.01434407
43,0,0,0,0,0x0000000000000000000000000000000000000000,b'\xa6\x8c\xf4\xfaJ\xea\x9bL\xdb\xc4\x06\xf4\xa7u\xf8\xb5\x00\xf2O\xd7\x8cHE\x9909\xfd\x9b9\xb6d\xbd',1621413982,110339,1.30E+11,0.01434407
39,0,0,0,0,0x0000000000000000000000000000000000000000,b'<\x1b\xca\x1d\xd8\xa1\xb4\x9e\x10\xcb\xbd\x9b\xc8}\x13\x06\xe9b\x19\xfc\x80\xdd\xad\n\xe4B\x10@j@\xb9y',1621414039,110339,1.30E+11,0.01434407
39,0,0,0,0,0x0000000000000000000000000000000000000000,b'\x18\xc9BGJ\x1d\xbch_k\x1dz\xa8\xc7V\xba8$R\x89\xc1\xa7\x10\xa2\xabD\xe0:\xebs\x99}',1621414275,49298,1.30E+11,0.00640874
41,0,0,0,0,0x0000000000000000000000000000000000000000,b'Hg\xdd\x90p\x18b\xc9\xea\xa2\xcc\xae\x9d\xae\xb9\x1e\xeb\x82\x7f\xbe\xe5M\xd9\xed6l-\xf6\xc5g\xa8e',1621414383,110339,1.30E+11,0.01434407
46,0,0,0,0,0x0000000000000000000000000000000000000000,b'\xb4\xdb\x06\x80\x99F7_\xe3\x84v\xf3\xac\xa8\xe8!C\xcf\x19Au\x84\xdf\x1e\x7ftq\x19\xbb\xe5\x8fs',1621414582,110339,1.20E+11,0.01324068
46,0,0,0,0,0x0000000000000000000000000000000000000000,b'\xc0\x83\xcc\r\xf2\xe1\xf6u\x1bi\xb7\xa7\xea)A\x1b\x1dg\x0f\xc5\x94A\xf1\x03Q\xf0n\xd6o\xb4\x8a\x01',1621414637,49298,1.20E+11,0.00591576
48,0,0,0,0,0x0000000000000000000000000000000000000000,b'\xdc\xc4\xfb+\x91\xe3h%g\x0e?K\xa9gmL\xb1\xe4}>L\xb6\xbb6Gw\xd5\\\xf5\x16<w',1621414677,110339,1.20E+11,0.01324068
48,0,0,0,0,0x0000000000000000000000000000000000000000,"b""\xd1u\x99\xff\xcf\x92\xe4\xf7j%\x99\x8e\x1c\xf2\x93pL\xce\x96\x7f\xaf\xcb\x97\x8d#3\x90'\xd7\x9a\x1c\xc5""",1621414725,49298,1.20E+11,0.00591576
43,2.00E+18,10000000000,2,0,0x4EA4A38e351Ae6e4d29F19a173986A178144132f,b'\xa7\xba\t9\x96[\xd5N\xe8]j\xa9\x17\x1dR\x90\xfe\xec\x1eE\xb4\x19\x14Z\xea;*\xcf\xed\xcc/\x04',1621416428,137397,91300000000,0.012544346
9,8.60E+19,1000000000,86,0,0x6e5d43A620fC9456A1F23BE69933a516E177dDec,"b':""W\x8bC\x07\x1cm\x95\xed\x7f\xb6\x18H\xf1\xcaK0\xc4\xb7\x154""!l\xa0B(J\xdaB('",1621420319,175814,63006200000,0.011077372
29,0,0,0,0,0x0000000000000000000000000000000000000000,"b""N\xa8\xdb\xea4W\x95\x02\x0e\xf6Z'#\x19\x88\x8cXQD[#kr\xf1\x88W\x0f6\x7f7(\x1b""",1621455819,161639,1.02E+11,0.016487178
49,1.00E+17,2.00E+11,0.1,0.02,0xED6F4Cd9288FB42F9E119F663B810bE25E857D0B,b'6]\x8ahq#\x1c\x10\xef\x13\x07-\xff\xa2~\x0c\xaf\x98/\xd2q+r[\xc2\xd0\xfb#\xeb]\xa8\xd6',1621496418,152397,71000000000,0.010820187
48,1.00E+17,2.00E+11,0.1,0.02,0xED6F4Cd9288FB42F9E119F663B810bE25E857D0B,"b""\xbbV\xe8\x84\xb0ZW=\x84l'\xcfg\xb1N\xe7\x0bN\x907\x17\x18\xf4\x81\xf5\xb6I\x1b\xfe\x8d\xea\x0f""",1621496534,152397,69000001459,0.010515393
47,4.00E+17,1.00E+12,0.4,0.1,0xED6F4Cd9288FB42F9E119F663B810bE25E857D0B,b'\x10YqG\xedG\x88_OBI\t\xebT\xbd\xb4\x94\x0f\x15\xed\x0f\xa2\xd2\xda\xc2\x0b\x12\x93\xd9B\xfd\x0c',1621498029,152397,78100000000,0.011902206
36,2.00E+19,4.00E+12,20,0.4,0xE3b2F16a52671AF6a5d498D3CfDcCCdC2Ad0D58f,"b'\x8f\xf0\x99\xf6._""\xe3\x8e$I\xcc\xf3n?}7\xd8R\xde\x8d\xd8\xeby;c\x99\xd9\xc0\xa7\xd3\xc4'",1621498164,169521,74675001383,0.012658981
37,2.00E+19,3.00E+12,20,0.3,0xE3b2F16a52671AF6a5d498D3CfDcCCdC2Ad0D58f,b'\xcek=\xcf\xe6#D#m9\xf19vR\xa4\xb2\x97\x00.sm\xea\xa2\xdea8\xed\xc6\xe60\xdf[',1621498970,152421,75900001481,0.011568754
39,2.50E+17,5.00E+11,0.25,0.05,0xE3b2F16a52671AF6a5d498D3CfDcCCdC2Ad0D58f,b')l&\x1f> \x8e\x18FtQ\xa1V\xd58W\rx\x81\xa4Id}+\x99!\xcc\xfd\xa0\xd1\xaeU',1621510287,152397,53000000000,0.008077041
42,1.43E+20,0,143,0,0x9E90e0212E16a651e40e54fb4Ffa315D03538a45,b'o\x96\x93\xa4\xdd\xff\xdav\xb9\xeb\x0b\x14\x02\x93@\xa4\x1a\x88\xc8R\xb9\x9c\x8aN:\xe5\xad&\xcb\xe8\x9bz',1621541588,149561,74000000000,0.011067514
46,0,0,0,0,0xED6F4Cd9288FB42F9E119F663B810bE25E857D0B,b'dx\x88\xb8\x99\x14\xe83\x16G\xf4\x81\xf1\xf4\xfe\x82\xee\xa5\x82-\xf3\xff\xb7\xdbsGy\xbcK8\x91\x12',1621550905,83331,55200000001,0.004599871
41,0,0,0,0,0xED6F4Cd9288FB42F9E119F663B810bE25E857D0B,b'`\x19\nP\xafL\xc7C\x16>\xa0KFy\x87y\xe3\xefG\xc6\xea+\x85\xc8\x055\x97\x8e\xa8\xe4e\x80',1621553001,83331,63000000000,0.005249853
41,1.00E+18,2.50E+12,1,0.25,0xAe22A659B0b58F4C61a6Aaf7fC0fe7b1f7Fa59fC,"b'k\x10\xf0\x1c\x01\x14\x172\x18\x80\xfb$\x18l\x19\xa64[yX^\x95\x9b\xd3\xb5\xce,\xff\xd6\x8a\t9'",1621566955,191318,45000000000,0.00860931
29,1.00E+18,2.50E+12,1,0.25,0xAe22A659B0b58F4C61a6Aaf7fC0fe7b1f7Fa59fC,b'\x15\x00lR\x8c\xdfm\xb3\xe5!\x1a\x93\xfd\\\x17\x01\xdf\x98:\xfb\xda16sv\x86$D\xc71%g',1621573498,152409,41000000000,0.006248769
35,1.00E+18,2.50E+12,1,0.25,0xAe22A659B0b58F4C61a6Aaf7fC0fe7b1f7Fa59fC,b'\xf8:\xe7y\xeb\xb6\x14\\\xeal\xc7\x91\xe0\xfe\xb9\xd2`\x0fFK^\xee\x99\x1b\xc9\xef\xee\x0c\xd1\x05\x13\xb8',1621573498,152409,45100000000,0.006873646
32,8.14E+19,1.00E+12,81.41,0.1,0xF512147180ebF2273636Eb2A8547424F90410D51,b'E\xdc\xc5n\xd3aI\xc1\x0e\xe4\x9276\x1fMUA\x8eK\xb11\x02[\xfba\xc5\xad\xe7\xeb\x15\xe1\xf4',1621581963,152409,41000000000,0.006248769
40,0,1.00E+11,0,0.01,0xa32cc2f7BaE31c79aB75D0bc39182fd113c53790,b'\xe2w\x81\xd4\x84FB\xb6\\\x96\xdd\xc8\xfd\xcd\xdf\x88\xbd\xb2\xc5\x04d\x0c\x95\xd4\xec-\xfe\x8d\xde\xc0\x1f\xaf',1621582142,103279,42000001459,0.004337718
46,0,0,0,0,0xe93F001Cc9a2B773e5CB846fF72039E244047bb5,b'\xd6\xb6\x8adJ\x84\xf0\xa9\xdf\xa5\x98\x88\x97S\xe0\x97\xef OO\xd1\xf7\xbe\xd7\x7fR^\x8f&?f\x11',1621586742,122223,51000000000,0.006233373
40,0,0,0,0,0xe93F001Cc9a2B773e5CB846fF72039E244047bb5,b'\xb4c\xacx\x8e\xed%\xcfF\x1a\x07\xc0\xfdvV\xb6\xbe\x0f\xf9\x9f\x89\x157\xd6\x0f@\xe8\xd5u\xf8l\x1d',1621586751,127237,50000000000,0.00636185
40,0,1.00E+11,0,0.01,0xDcbC0420319736f4dE871914BcB6d106177fCA7D,"b'\xab\x89F\xeb\xf2:x\x96\xab\xd9\x90y\xbc""\xb9\xf8\xc8j\xad\x8d\xacv\xe9""\xa3\x0c\xad\xe6\xefi\xee\x14'",1621588489,159516,46000000000,0.007337736
40,0,1.00E+11,0,0.01,0xa32cc2f7BaE31c79aB75D0bc39182fd113c53790,b'k\x9bL;\x13\xc6\xd41\x98\x0b(\x05\x97\xfeR\x13\xe5I\xb6\xcb\xdf\x94\x1c\xa1O\xfb=\xf9X|2<',1621589813,156585,40000000000,0.0062634
14,2.70E+19,2.10E+13,27,2.1,0x06C650735Ceed6E92c2F21981daa7DDb90A1D51d,b'X\x9d}|\xc0\xa8\x15#\xe2\x8e\x8ab\x06\x9a\x86\x911+\xc1S\xf9\x02\x8d\x8b\xb69\xa3\xdeq\xfb\\J',1621590737,210038,40000000000,0.00840152
8,1.76E+20,1.20E+11,176.43,0.01,0xd43f3716CbB9386352880a9BD52f7F07aC01752B,"b'\x03\r\xac\xec\x00\xfa\x95\x082L\xa8""\x9a\t\xcd\x98\xa2TRjt\xc7\'\xe0_\'\xfc\x1c\xf7\xd6u\xe0'",1621591535,242126,40000000000,0.00968504
46,2.00E+19,1.00E+11,20,0.01,0xB3f31aD589Ba65df22ED16341EA623b685DD78E5,"b'\xc6\xf4\xfaT|\xc6\xaf\xdc\x9c\x1b\xe9&(\x0e\xee\xbf#\xe9\'\xc5\xd3\x00]\x1d\xe3\xd7""\xcd\xab\xd6\xea\xc7'",1621592963,208418,40000000000,0.00833672
40,2.75E+19,1.00E+11,27.51,0.01,0xB3f31aD589Ba65df22ED16341EA623b685DD78E5,b'5\x0b\x86\xc4\xcfU\x1f\xfc\xff)U^\xc3&\xff\x85\x92\x08>\x95\xc9\xf6\x94V\xab(\xc6h\xb0\xf5\xd8\xf1',1621596286,171515,45000000000,0.007718175
43,1.30E+20,1.00E+12,130,0.1,0x1711bc52bf7e0494325799717fe640F1924617B7,b'w\xc4\x90\x0c\xf2\xff\x8aN\xb2\xca\xa2\xddB\xe1\x17\xe0\xd69\xc5u!\x0b\x94K/\xd1>\x82\xcb~v:',1621678157,207914,42000000000,0.008732388
49,1.45E+20,1.00E+12,145,0.1,0x1711bc52bf7e0494325799717fe640F1924617B7,"b'y\xf3\xa3\xecD\x8fl\xac\xc5""\xb8\xe1\x16C\x1e\xee0\x15I/\x9e+l\x9eh\x1fz\xa5M\xf45P'",1621678246,190826,51000000000,0.009732126
48,1.51E+20,1.00E+12,151.15,0.1,0x1711bc52bf7e0494325799717fe640F1924617B7,b'^\xd1\x9e\x15\xde\xd1?\xb9 .\xf6\xbe\x9f=\xb1\x867@\xdc\x107[\xcb\xd3 \xbf4<\xd9#n-',1621678357,190826,47000000000,0.008968822
21,0,0,0,0,0x0000000000000000000000000000000000000000,b'\x13\xbdH(\xbf\xc9\x0f\xee\xf9\x87G;\xa6\xac\xd9?\xbe\xb1jw\xcb \xd2\x18\x08\xa1~\xd1\xaa\xd3\x9d[',1621705325,161639,39100000000,0.006320085
21,2.00E+20,5.00E+11,200,0.05,0x0788373603522a79fCC5710910C20067f64BAD17,"b'\xbf\xaei2V\xcc\xe0D\x0e\xf6,\xe3G\x92)\xcaf\xc7\xee\xd0\x96\xcd{Id\x9a\x1b:\xffD\xc2\xb4'",1621705595,137409,39100000000,0.005372692
39,2.00E+20,6.00E+11,200,0.06,0x0788373603522a79fCC5710910C20067f64BAD17,b'\xe8\xa5m\xf0\x95\xf9\xb2\xabJ\x83xT\x87\x9f\x17\x0b\xd689\xeb+U\xfa\xc5\x11\xaf\x1c\x0f{<\xcc\xe6',1621705869,227126,39100000000,0.008880627
35,2.00E+20,2.60E+12,200,0.26,0x0788373603522a79fCC5710910C20067f64BAD17,b'\xe3\xfb\x96PE;\xdaQ\xff\x00m\xa1\x19\xdeY\xc7\x8c\xbc\x9bZ\xac!_mo\x18\xf7\xf4\x1cM/0',1621706028,175838,39100000000,0.006875266
29,2.00E+20,2.51E+12,200,0.25,0x0788373603522a79fCC5710910C20067f64BAD17,b'@\xc7\xff\xd0N\xd4\xb1f\x08W\xa7\xb3\xe2\xfc\xc9\xf3b\xbcvu\xfa\xe4?\xe32^\xa6\x16\xa1\xb3$\x08',1621706171,175838,39360000000,0.006920984
10,2.01E+20,2.10E+11,200.8,0.02,0x0788373603522a79fCC5710910C20067f64BAD17,b'\xc3\xda\xa8\xe6\xe9\x15J\x9d\xdd\xf8\xea\xcc\xf1\x93\xbfm\x9cZ\x17L5\xc6%h\xc4\xcc~\xa8\xc6:\x19(',1621706207,192926,39360000000,0.007593567
47,1.00E+18,3.90E+12,1,0.39,0xAe22A659B0b58F4C61a6Aaf7fC0fe7b1f7Fa59fC,b'\xac\xd2\xcb\n\xb14s\xc8I\xff\xe2\x1a\x13P\xf2\xa6\xf3\x99p\x1e\xd8\x9f{\xf2\xfe6u\x807\x97O\xae',1621709876,190826,39000000000,0.007442214
16,1.50E+19,3.10E+11,15,0.03,0x6e5d43A620fC9456A1F23BE69933a516E177dDec,b'~\xd1]Y)5\xbd\x8a\x98\xfc\x81\xc3\x1d\xf6\x16QBg\x1c/z*G\xb2mhW\x04\xbcw=\xc5',1621731478,190814,34000000000,0.006487676
16,1.51E+19,5.00E+12,15.1,0.5,0xAe22A659B0b58F4C61a6Aaf7fC0fe7b1f7Fa59fC,b'\xdc\xaa3\x9d|\x8e \x8f3nM+}\xf6\xc0\x17Mb\xd6-\x06\xf5\xd9\x96\xb0\xeef8S\xf5HU',1621732332,190826,34000000000,0.006488084
41,1.01E+18,5.00E+12,1.01,0.5,0xc0d39bCC0a021CFb5dB2b8CEDb160E4EA0Ff5176,"b'w\x80\x07\xdb\xe4\x86\xb9\x9d\xbd\xfc\xc8}\x1c\x13\xee\xda\x12\x9cW\xaf\xbe\xbd\x99,e\xf7\xa51\xed\xdc\x08\x02'",1621743908,207926,31000001347,0.006445706
9,1.16E+20,1.00E+12,116,0.1,0x868c1de6700af17E395944D0B4609dc930103503,b't\xa0\x9aZ \xd7;V\xad`#\x11\xa4\xdc_\x9c\xa3\xa9\x97=\xaeP\xcfJ]&\xaes\x17\xec*\xe3',1621819380,207926,56000000000,0.011643856
28,1.13E+20,1.00E+12,113.3,0.1,0x62f9579cB775aFeb2721064107135D18b990624f,b':\xf9\x85\x00L\x9a\xf7\xa2\xde\xae`\xb7\x8a}6\xdcrh`|\xb5\xfcs\xbc\xde\x806U\xe8+^\x17',1621847648,207926,37800000000,0.007859603
50,1.16E+20,1000000000,116,0,0x6e5d43A620fC9456A1F23BE69933a516E177dDec,b'\x91\x9c\xb2u\x88\xd05\x08$\x820g\x90\x95\x87d\x92\x99jii*\x880\xbf\xc6\xc4\xc5\x7f=\x12\xf0',1621848065,207914,37800000000,0.007859149
27,7.80E+19,1.00E+13,78,1,0xE3b2F16a52671AF6a5d498D3CfDcCCdC2Ad0D58f,"b"" ;\x9eN7\xad\xbd`\x9d\xfd\xa7~\x91\xba\x1bG\xae3\xb2_\x98\xab\x02'\xdf{\xd0\xd2XA\xb7\xb5""",1621850906,190826,30579545224,0.005835372
41,1.00E+18,5.10E+12,1,0.51,0xAe22A659B0b58F4C61a6Aaf7fC0fe7b1f7Fa59fC,"b';dX\x12x\x7f""\xd6\x08\xa7B\xf4r\xd1\x8c\xbb\xf5\x9ff5;\xecj\x04S\x11\xfdY{\x0f5\n'",1621853384,225026,32000000000,0.007200832
13,0,0,0,0,0x0000000000000000000000000000000000000000,b'\xcf\x88\xf1mu`\x13\xd6\xc5\x80l\xebK\x92\x85\xcd\x06c\xddE\x17\x0f\x90p\x00\xd2\xcc\x82\x89\x1a\x1b\x81',1621985958,144539,31000000000,0.004480709
4,3.37E+20,100000000,337.08,0,0xb2F1a288E6Bf497e3B41adf23a4a89896069d1F6,"b""\xab\xbb)\xb9\x1dk\xe6\xael\xea\xafO\xc7\xd3\xea<@C\xee\x17'\x16\x1f\x84\xcdh\xb7\xdb.>s\x1b""",1622089943,207914,28000000000,0.005821592
13,1.29E+20,1000000000,129.16,0,0xb2F1a288E6Bf497e3B41adf23a4a89896069d1F6,b'\x8f7\xd6\x00\xe4\xc6u\xc5\xdaY\x7f\xf0\xc9<\xfbF\x93\x8aP\x83s\xbe\xe0{B\x0f!p\xf3|\xf8\x0c',1622093811,152385,26000000000,0.00396201
47,2.90E+19,4.00E+12,29,0.4,0xf7B14D1c8a3eCa7A4d7cc8F9C8cA5B0d36822865,"b""w\x1aJ\x0cz\x86\xba\x13\xd5\xad\xc5\x83'\xabA\x89\x04\x04\xa1\xe65}\xf6\x178\xc1\x9bGO\xd7p\xe5""",1622097954,207938,23100000001,0.004803368
46,5.10E+19,2.00E+11,51,0.02,0xf7B14D1c8a3eCa7A4d7cc8F9C8cA5B0d36822865,"b'@\x89\xf3U\xb7\xb6\xea\xf1\xc6\xc5\xfdT\x16TZ\xae\xd9\xae,=\x94\xa4a\xe5\xcd\xbfo\x13\xdf\xb0\x06}'",1622099671,225026,35000000000,0.00787591
38,3.92E+20,3.00E+11,392.2,0.03,0x1b0f1838C48Ee8F0D3f0D0375A2e991e17cD2fd3,b'\xd0\xffB[\xbb\x03\x07\x18\xc4\x90\\\x16i\xf2\x9d\xdfA\xdb\x97\xc3\xbeX\xa1\xef\xdc\xbf\xac\xca$\nr\xf8',1622190042,207926,22000000000,0.004574372
46,0,0,0,0,0x0000000000000000000000000000000000000000,"b'\xc0\xb4\x91\x07ULY\x96l=^\xae\xf4\xd7if\x94\x92\x9fa\x0fQ\x9e\x19""\xa2\xd69:%<\xdf'",1622201887,144539,31000000000,0.004480709
47,0,0,0,0,0x0000000000000000000000000000000000000000,b'\xcf\x0ch\xaa\xe0\xf4`\xc0\x92\x9bJ\x07Y\xd8\xd5\xed2R\xa6\xca\x00\x90a\x9b\x1b\xd2\xc0.s9\x94\x08',1622201895,110339,33000000000,0.003641187
47,4.39E+20,0,439.23,0,0x203165Bb2109f960e02Fe44d15f446EFEe1Db60D,b'S!\xc9\x99\xc7\xe0~:\xf2\xac\x9b\xd3\x9ed\xcfkK\x7f\xdf0q\x04\x05\xa55\x05\xa3m;\xf8\x8ap',1622326399,149561,21000000000,0.003140781
46,1.00E+20,1.00E+12,100,0.1,0xED6F4Cd9288FB42F9E119F663B810bE25E857D0B,b'\xd7\xb5-N\xa8\xc9\xa1\x86\x02\xf5\x0c\x85\\K\xd2w\x1b\xe1_\x18\xb7\xbf\x94\xf0\xfb5=\xe1\xc8\xa8\xc2\xa5',1622329688,152409,21000000000,0.003200589
40,1.00E+20,1.00E+12,100,0.1,0xED6F4Cd9288FB42F9E119F663B810bE25E857D0B,b'\x98S\xed\x06C\x9e\xce\x90\x08)\x81\x1dYp\xe5\x019\x91\xdcC4\x9a\xb68\xeb\xcfP0\x8c\\\x93\x9c',1622329847,190826,22000000000,0.004198172
32,1.00E+20,1.10E+12,100,0.11,0xED6F4Cd9288FB42F9E119F663B810bE25E857D0B,"b""\xb1\x198Vgc14L\x8aU\x8e\x83\xc7\x97\x166\xce\x12\x1c+\x13oa'@\xb5\xa1\xc1:q!""",1622330014,190826,25000000000,0.00477065
50,1.20E+20,1.00E+12,120,0.1,0xED6F4Cd9288FB42F9E119F663B810bE25E857D0B,b'_\x1dz\x1fw!\xfa\xc1\x88&B*~\xdf\x9f\x8a*d\x9f\xdblo\x83\xb0k\xaf\xd6\xcf\x04J\xbb\x7f',1622330263,190826,21000000000,0.004007346
26,2.00E+20,1.00E+12,200,0.1,0x74fF67a092b57040B5EcC017887daf7aFFBF2DCb,b'\x85.\xf5\xe0([\xd1U\xf7\x05\xe2\x1a\xca\xc4\xa2T\xb1\x17\xe4|=\xe8\x8b$\x93\xf7\xa0R3B3\xbb',1622404502,207926,22000000000,0.004574372
45,2.20E+20,1.00E+13,220,1,0x26098C24cA52ae70FF173817E2285A7971c22139,"b'l\xac""\x01m\xb1(\x9fYtS\xb7\xb7\x16\xf8\xa1Es:\x1a\xf4B\x8b5\xd3t:\x7f\xd7\xe7\xe9\xd7'",1622409418,190838,28000000000,0.005343464
42,1.60E+20,1.00E+13,160,1,0x26098C24cA52ae70FF173817E2285A7971c22139,b'\xf3\x19\x07\xb3\x97S\x0f\x13Y\xb9v\xbe\xfdv\nM\x08:\x00\x0c^\x14\xe8\xa5\xa1\xb4\xf8)\xd8\x91\x19\xf8',1622410023,188091,17000001347,0.003197547
11,1.00E+20,3.00E+12,100,0.3,0x74fF67a092b57040B5EcC017887daf7aFFBF2DCb,b'\xedX\xa7\x80\x0b\xc3y\x1a\xb9\xb2\x10V0\x8f\x95O\xe1h?\x94\xbd\xacX\x82?\xday\x98$>\x10\xa8',1622414436,190838,17000000000,0.003244246
13,1.50E+20,3.00E+12,150,0.3,0x74fF67a092b57040B5EcC017887daf7aFFBF2DCb,b'\x0b\xa9=r\x88q#[\xd3\xca}\xa6_\t\x96\xc2\x8cl\x89\x84R\x9c\x06`\xfd\xf3\xd2\xb9d\xe7\x1d\xba',1622414520,225038,23000000000,0.005175874
41,1.00E+19,1.00E+13,10,1,0x74fF67a092b57040B5EcC017887daf7aFFBF2DCb,b'\xb84\xd9*\xdcsz\r^\xf3B\xfcR\x1e{\xe1?&(\x1b~\xcc\xc96\xa9\xd7\xf9\x86\x00l\x9dI',1622414820,190826,23000000000,0.004388998
37,1.00E+20,5.00E+12,100,0.5,0x74fF67a092b57040B5EcC017887daf7aFFBF2DCb,b'bOQ]\x9f\xc3\x1d\xa1\x02\xc8\xec\x15\xf2c\xe1\x8c\x8f\xd1\xfe\xe9\xbe\xc1-[HT\x08\xad\xe5\x91\xe2y',1622415992,207938,23000000000,0.004782574
36,1.00E+20,5.00E+12,100,0.5,0x74fF67a092b57040B5EcC017887daf7aFFBF2DCb,b'\x8e\xf0d\xb2ul\xae\xc1\xe8\x94\xd3T%sRG\xa3\x1a\xa0\x85?\x98o:\xf1\x81\xf38D\xc1\x82H',1622416045,190838,23000000000,0.004389274
7,1.00E+20,5.50E+12,100,0.55,0x74fF67a092b57040B5EcC017887daf7aFFBF2DCb,b'l\x10/\xfe\nX\xdaa\xd6\xd2\x84\xac\xce\xa1\xfd\xaf\x8a\x0b\x01D\n\xe6\xb3\xc6\xee\x86\xc7r\xa2\x15\xc0c',1622416218,219426,23000000000,0.005046798
16,1.02E+20,5.50E+12,102,0.55,0x74fF67a092b57040B5EcC017887daf7aFFBF2DCb,b'n\xfa9\xb9gw\x17U)\x82t[\x84\xdaj\x81\x8c5\x8c\r\x08J]S\x15\xe0X\x8ce\xa4\xd4w',1622416732,190826,18000000000,0.003434868
27,1.02E+20,1.00E+13,102,1,0x74fF67a092b57040B5EcC017887daf7aFFBF2DCb,b'\xb5\xe11X\xe3\xf6\xd1J\xe2\xe0\xd3\x10u\x02\xff\xf2\xa2\xc0\x9f\xeb(\x11\xdc\xb4\x1e\xb0\xccF\xabO-=',1622417678,190850,16500000000,0.003149025
41,3.90E+19,2.50E+13,39,2.5,0xE3b2F16a52671AF6a5d498D3CfDcCCdC2Ad0D58f,b'\x1a\xcd{8\x87y7r\x1b\xbdF.\xb81\x01\xda*Y\xabO)\x81\\\x8d3lC\xc9\xf1\xc8?\xfb',1622418404,242138,20150000000,0.004879081
32,1.01E+20,2.00E+13,101,2,0xE3b2F16a52671AF6a5d498D3CfDcCCdC2Ad0D58f,b'J\x18\xe6\x86\xb1[#\xb0\x90\x05\x17w\xec\x85\xca2\x1a\x0fF\xabw\x91j\xfb4\x11+0\rQ\xc6\x1a',1622418572,190838,19000000000,0.003625922
41,3.90E+19,2.51E+13,39,2.51,0xAe22A659B0b58F4C61a6Aaf7fC0fe7b1f7Fa59fC,"b""'B8>S\x9eF\xd9|_\xd1\xec\x12\xa4B\xdd\x00\x87?Pt\xa4U6\xc7\xbd\xd0L\xb6\xb3^\xc8""",1622425576,185238,16000001123,0.002963808
20,0,0,0,0,0x0000000000000000000000000000000000000000,"b' \x88\xb7\xb0\x1d\xf5\xfc\x1cYiW\xd1\x18\xa2\xfdq\x1e\xd4T!\x9aZ5U\xbc\x19y\\\xba\x90\xd7""'",1622449622,110339,15127030793,0.001669101
20,1.50E+20,1.10E+13,150,1.1,0x26098C24cA52ae70FF173817E2285A7971c22139,"b'\x9e$\xe2\xab\x8a\xa7\xc4&\xd2m\xb1,\x18\x18\x166\x1d\x00\x00@{~v\xcf\xa9XQX%,\x87K'",1622450017,152421,24000000000,0.003658104
1,2.00E+20,1.00E+13,200,1,0x26098C24cA52ae70FF173817E2285A7971c22139,b'W\xc8b\xfd\x95Q\xb6|\xfb\xd2\xb4\x7f\xbewG\t\xaf\xf5x5R-&Cl\x1d\x1e\xb7[\xce\x12\x89',1622451922,190838,15000001123,0.00286257
8,2.00E+20,2.00E+12,200,0.2,0xED6F4Cd9288FB42F9E119F663B810bE25E857D0B,b'\xcf\xdf\x03\xec\x05\xb1\x96n\xb8\xf6e8\x0f9\x91\x99\x93\xa4bqu\xc0o\x80@\xf9+\xf8\x92.\xca\x05',1622452117,225038,21000000000,0.004725798
43,1.50E+20,1.00E+13,150,1,0xED6F4Cd9288FB42F9E119F663B810bE25E857D0B,b'S:7G\xc3b\x1aT\xbb\xdb\xec\xfd\xa0\x06\x1b\x9bNL\xfa\xce\xb7\xce\x8a#\xc5\x90\xd3h\xd8\xd3\xef*',1622452337,225038,24000000000,0.005400912
14,9.20E+19,2.12E+13,92,2.12,0xED6F4Cd9288FB42F9E119F663B810bE25E857D0B,"b'\xc8\x16\xc5\xc6,X\xd9\xe3\xd4y\x7fJ\xeer\x08\xc6x\x90~\x89\x8b\t\x82ftG\xd5\xa62\x17\xf3\xf5'",1622452840,225038,23000000000,0.005175874
5,2.50E+20,1.00E+13,250,1,0x26098C24cA52ae70FF173817E2285A7971c22139,b'\xb5\x00\xb8\xd8\x87\xfe\xd6\x19o\xc2e\x8bdfJ\x16\xddM\x10b\x9c\x1c\xb1\xf5\x88+SV\x1bw\xa2\xb2',1622471482,190838,30000000000,0.00572514
9,2.00E+20,5.00E+12,200,0.5,0xED6F4Cd9288FB42F9E119F663B810bE25E857D0B,b'y\xe2\x91~\xe7\xfcmV\xcen\xf5&\x0f\xf7\xa08`J\x1f\xbc\x9a\x89\xa8\xc8\\\x01;\xc5\xae\xab\xde\x06',1622480793,242138,47231250000,0.01143648
39,2.00E+20,1.00E+13,200,1,0xED6F4Cd9288FB42F9E119F663B810bE25E857D0B,"b""\xb1\x17\xb1\xbf\xd4\xf5\xaf'\x9c\xed\xbb\xa9%\xf8\xb5\x9b\xad\x13\xa3>\xd3\xa3<\xf3\x00F\xfa\x12\x85\xee\xf3\x02""",1622481817,185238,43000000000,0.007965234
28,2.00E+20,1.00E+13,200,1,0xED6F4Cd9288FB42F9E119F663B810bE25E857D0B,"b'\xa5\x90\x10L#\xd9\xd0\xfb\x7f\xc5\xe4\xf6\xe6\xa5_\x00P\x85\x0cN,\xf7\x84~M1\xd9EkB\x18\x0e'",1622483111,242138,38000000000,0.009201244
48,2.36E+20,1.00E+13,236,1,0x74fF67a092b57040B5EcC017887daf7aFFBF2DCb,b')\ti\x8dR\xb2\x90\xe4\x123G2Z\xf9\xcc\x9dy\xc0\x8d\x0f\xf3\xf7\x01}\xf4j\x04\xe9)\xf4\xcb6',1622492183,190838,26000000000,0.004961788
41,3.90E+19,8.50E+13,39,8.5,0xE3b2F16a52671AF6a5d498D3CfDcCCdC2Ad0D58f,b'\x02\xafAc\xf7\xd9\xcc\x9c\xa9\xb4\x08\x9d\xe9<\xdcH\x92\xa9\xb5]\xbcd8\xa3\xb9x\x81\xb5p\x89HI',1622496193,185238,21000000000,0.003889998
19,2.00E+20,1.00E+11,200.1,0.01,0x2c39B8C5B9D31299449474A4D0bcd8F9A32751E4,b'&\xd0\xe6\xe26\xd2\x1a\x0f^GF\x99\xeb\xdc\x17r\x95r/>\x1b\xafp\xfe\x96\x8e\x7f\x85\xbbtka',1622508615,207926,23000000000,0.004782298
50,2.08E+20,1.10E+12,208,0.11,0x2c39B8C5B9D31299449474A4D0bcd8F9A32751E4,"b'\xec\x97\xee\xa8\xda""\xfe\xab\xf2.\xc6u\xbd\xe3\xcc\x99\xb0%x\x9c^\x8e\xcak\x9b/yC)\x03P\xba'",1622512079,190826,20000000000,0.00381652
46,1.16E+20,1.01E+12,116,0.1,0x868c1de6700af17E395944D0B4609dc930103503,b'\xf2\x02\xd1\xa9q\x90d\xe9\x07\xb4\x02\xce\x9ej\x153W\xe6F\x05WW\xfe\xdd\xc2\xe7O\xdf%mZ\x81',1622512168,190826,20000001123,0.00381652
18,2.30E+20,1.00E+13,230,1,0x74fF67a092b57040B5EcC017887daf7aFFBF2DCb,"b'\xf5\x08\x94C\xe0S\xad\xca}\xbb\xd5\xe9\xa1\xe0Vdh\x8d\xc4\xb1\xcb\\D\xe9\x8b\x03\xe4\xaeu\xea""\xee'",1622531447,225038,22000000000,0.004950836
10,2.50E+20,1.00E+13,250,1,0xED6F4Cd9288FB42F9E119F663B810bE25E857D0B,"b""A\xec^\x7fR\x8e\xcb\xfd\x16j\xff'\x8dV\xde\xea\x1f\xc1B\x96\xb6\x05\x81\x1dg\x12\x90\x8c\xd7\xa5\xc9$""",1622531848,190838,22000000000,0.004198436
46,1.69E+20,1.00E+13,169,1,0xED6F4Cd9288FB42F9E119F663B810bE25E857D0B,b'\xed\x80\xc5\xbaD\xa0\xd4\xcb\x14\x9ft\xed0(\x18\nNl\xe0\xd1\xc3$\xefSYc\xc5\xed\xb3\xcd1\xbc',1622531898,190838,20000000000,0.00381676
40,2.27E+20,1.00E+12,227.03,0.1,0xA25207Bb8f8EC2423E2ddf2686A0CD2048352f3E,b'\xec\xb2C\n\xc3\x1b\t\xfb$\xa8K\xe4\xea<\x16=\xa4\x11\xad\x91\xf6\xf3-\xe66\x1b\xc0\xaa\x02\xa3\xcfQ',1622533044,190826,17000000000,0.003244042
49,1.52E+20,5.00E+12,152,0.5,0xB3f31aD589Ba65df22ED16341EA623b685DD78E5,b'\xee:\x88\xe3y\r\x17{\xd8qI\xc1a\xd8\x17O\xad\x15:\xa8\xc6\x98\xb7\x9e\x124<\xd74!\xbaR',1622537654,190838,24000000000,0.004580112
37,1.03E+20,3.00E+13,103,3,0xAe22A659B0b58F4C61a6Aaf7fC0fe7b1f7Fa59fC,"b'\x07\x02j\xa67K\x926\x9b\xd081\x1d\xe4No\x7fW$1\x06\xc2\xd8\xe0\x96\x9fpw]Y""Z'",1622542598,190838,19000000000,0.003625922
16,1.67E+20,2.50E+13,166.87,2.5,0x342996D8EAC41fb5ea4ab781863eA66C230C39EA,"b',\xce\xd3\x96\xbe\x7f\xa2\x05|\xc0\xac\xd1\x00\xf3\x85\x88\xac\x99\xfc5\x9f\n\xb48y\xfa\x87N\x8a\x9d\x02\xae'",1622554126,207938,23570000000,0.004901099
1,2.08E+20,2.36E+13,208,2.36,0x74fF67a092b57040B5EcC017887daf7aFFBF2DCb,b'\xa7\x05Zm\xbf3F\x94\xb7N\x8a\x11\x85\xb01#_\xee\x06^\x87\xb4\xf2\x81C\xf92\x1b{\x86\x04\xe4',1622572573,202615,50000000000,0.01013075
7,1.17E+20,5.60E+12,117,0.56,0x51BD9fd860223EF52cF77b517EbaB5cA58dc1c63,b'0GN\xf7\x86e\xe1\x1d0K\xd8\x05\x94bw4m=\x1d\x1fb\xc5\xa8\xda{~KV\xc4\x92a\x1a',1622576785,202615,28000000000,0.00567322
21,2.08E+20,1.00E+12,208,0.1,0x51BD9fd860223EF52cF77b517EbaB5cA58dc1c63,"b'D""\xd470M?\xb8\xf7\x14\xb9\xd6\xb2""E}\xb1\xb8=<(\x07\x80\x1f\xb9\x19B5\xa4\x82\x87\x94'",1622579067,202603,42000000000,0.008509326
11,2.00E+20,2.00E+13,200,2,0x26098C24cA52ae70FF173817E2285A7971c22139,b'*\xa9\xe4=Lp\xa8\xa8\xdb\xeb\x0f\xab;d\xc3\x84\xa1z\x01\xa6h\x88\x0fHt)\xb7\nV\x0f\xf9o',1622623865,202615,17000000000,0.003444455
19,6.00E+20,1.00E+11,600,0.01,0x0788373603522a79fCC5710910C20067f64BAD17,b'P\x92\n.\x82\x82\xf1%\xa4\x1a\xc6\xa9\x8e\xd0\xb0\xb5oh8\x17\x9b\xae\x18DW\x0e\xef\x80\x9cI\x8b5',1622627354,187603,18100000000,0.003395614
7,2.00E+20,2.00E+13,200,2,0x74fF67a092b57040B5EcC017887daf7aFFBF2DCb,b'E\x1b\x02\x88\x8a\x80\xbdn\xd3\x16\xf5\xb3\r\x07m\xda\xdc\xcd\xbe\xe7\x9b/$a3FE\xd64\x9d~\x9b',1622634285,190838,17000000000,0.003244246
27,1.17E+20,1.10E+13,117,1.1,0x51BD9fd860223EF52cF77b517EbaB5cA58dc1c63,b'C\x1a\x02D\xf1\x1c_\xccwf\xf5!\x7fi\xd99\xa1a\xd9#\x1a\xb7\xb5\x8b\xf4\xf1tc?\x8d\xf1\xd6',1622648677,202615,29000000000,0.005875835
36,1.29E+20,7.50E+12,129.16,0.75,0xb2F1a288E6Bf497e3B41adf23a4a89896069d1F6,b'=qDQ\xfc\x9aB*\x92\x91\x01\xc3c\x0b\xca\x9b\xee&BBo\x05\x1fq|\xad\xa6=\x10C\xb7\xf8',1622650061,202603,38000000000,0.007698914
21,3.19E+20,1.10E+12,319,0.11,0x6e5d43A620fC9456A1F23BE69933a516E177dDec,b'V\xd9\x8a9\xb9H\x83A\x14@\xc9x[\xb7nh\xa7!\xe6u\xb4\x97\x1cQ\x03\xf6\x13\xdeS\xc1\x83\xf8',1622664791,190826,21000000000,0.004007346
27,2.02E+20,2.00E+13,202,2,0x74fF67a092b57040B5EcC017887daf7aFFBF2DCb,"b',\xdb\xbeW6Fz;\x16\xe1#!\xbc\xf3\x16#\x98\x95\xde\xe7G\xc7\x95)JP\x94}\\\xa0\x1c\xb4'",1622665089,190838,22000000000,0.004198436
35,3.25E+20,3.00E+12,325,0.3,0x51BD9fd860223EF52cF77b517EbaB5cA58dc1c63,b'\xb6\xe5\xeeQF\x80\x1c+M\xe5\xf0\x1d\x93h\xf6\r\xf2\xddg[\x86B7/z\xc1\xd8{\xbe\xbb\xd5\xdb',1622676547,202615,30000000000,0.00607845
26,2.01E+20,1.10E+12,200.95,0.11,0x2c39B8C5B9D31299449474A4D0bcd8F9A32751E4,"b""\xca\xe3\xcbL\x0e@\x93<{\xd5(O\xb5\xe4\x87\x07!V\xc8'\x9f\xce\xeex\\h\x18\x9bm}\xfc\xe7""",1622677162,202603,16500000000,0.00334295
32,2.00E+20,2.10E+13,200,2.1,0x74fF67a092b57040B5EcC017887daf7aFFBF2DCb,b'\x08t\x8c\xa4=\x00\xa6\x16}\x0f\x86\x02z\x86\x92\xdd\x8b\xe2\xba\xc5VOT\x9d\xc2\x9b\xf1\x03F%\xcb\x8b',1622704528,202615,22000000000,0.00445753
14,1.21E+20,5.50E+13,120.5,5.5,0xE3b2F16a52671AF6a5d498D3CfDcCCdC2Ad0D58f,b'\xf0\xc9\x971\xdb\xd9\xcc\x17\x1a6=\xa1\xb2Ft\xdf\xc4\x85}\xe1\xdb\xd5X\xd3\xa9\xa8\xc67\xf3\xe8\x1d\xec',1622711827,202615,17000000000,0.003444455
4,4.25E+20,2.00E+12,425,0.2,0x1711bc52bf7e0494325799717fe640F1924617B7,b'\xd54\x86\xc4\xd8\x17\xa2\xfb\x98(\xb0:Hp;\xd2N\xf74\xbd\xd6\xf7\x8d\xff\x92\xe01\xc2\xbcvB\x8e',1622738117,202615,42000000000,0.00850983
44,1.00E+21,5.10E+11,1000,0.05,0xed356955A4AF05D83fa553871c67aF147e14ca3E,"b'2f\xf7\xcb`Ih\x81)""\x9aL\xa2\xeb]\xf5\xd4\x12~\xff\xa9\xebw\x96\xe9\xc1\xf6\x835M\xd6\x81'",1622740190,206567,34000000000,0.007023278
44,0,0,0,0,0x0000000000000000000000000000000000000000,b'H\xa3F\xd0\xab\x93\x9bA\x05\xc9s\xc6\xbf\x90\xe0\x08\xd3\xb7d\xe0\x9d\xb0\x9b\xa2\xdc\xa2\r\xfd\xf7\xb2\xb2\xf1',1622740464,144539,44000000000,0.006359716
47,1.00E+21,2.10E+11,1000,0.02,0xed356955A4AF05D83fa553871c67aF147e14ca3E,b'U\x13:\xe3\xe3R\x98\xf6\xab\xd4XL)|q\x0c\xdba4\x8f|\xce\xd7\x03\xc3\x8d\xdbZX\xc7\xb5\xd1',1622741230,199856,34000000000,0.006795104
47,0,0,0,0,0x0000000000000000000000000000000000000000,b'\xd4\xdfB\xb3v\x94\xf5w8\xfe\x04\xc9\xa2r\x87\xfd\xebm\xf8\x12\x99O_d\x0c\x8ccL\xfd\x86:\x07',1622741524,110339,41000000000,0.004523899
44,1.00E+21,1.10E+11,1000,0.01,0xed356955A4AF05D83fa553871c67aF147e14ca3E,"b'\x93\x94YR""\x028\xdb!.@\xcbQ\x04\xa7\xc8v!\xda\x88]\xf4\xc1\x886+\xd7\xf4\x00\xd0X\xea'",1622742473,152409,30000000000,0.00457227
44,0,0,0,0,0x0000000000000000000000000000000000000000,"b'\x12\n""\x18\xfe\xfd\xf4\x01\xbe\x86\xd3\xde\xc0\xf7\xaekm\xbd\xf4#\x13\x1aK\xa8le7\x8e\xbey\x0f}'",1622743061,110339,33000000000,0.003641187
44,1.00E+21,1.10E+11,1000,0.01,0xed356955A4AF05D83fa553871c67aF147e14ca3E,"b'\x9c#t\x1e\xc8\xae\xc6\x02,\x80D\xb90@\x11bu\xea\x82T\xe9\x1bI\x1bn\x99\xa5\x1f/\xc9+\x8f'",1622744592,152409,40000000000,0.00609636
47,2.39E+20,1.50E+12,239,0.15,0x9E90e0212E16a651e40e54fb4Ffa315D03538a45,b'BJo\x99\xe2\r\xc4@\x99 A\xf0<>l\xfa:V\xe7\x9a\x85\x8cg\x17\xfcC\x97 \x9bH+\xb6',1622750985,169521,42000000000,0.007119882
47,2.40E+20,2.00E+12,240.23,0.2,0x203165Bb2109f960e02Fe44d15f446EFEe1Db60D,"b'""\xe1\r\xbc\xe54\xc1a\x93\xae\xb3\x17\xc78|pU\xba\xa1\x96#T\xc4\x9c6~,\xcc\x05\xfc\x17\xb9'",1622757538,242138,26000000000,0.006295588
50,3.39E+20,1.20E+12,339,0.12,0x203165Bb2109f960e02Fe44d15f446EFEe1Db60D,b'\xa4\x06\xf7\x8a\x83\x81\xf8$l\x82E\xc0\xabF\x15\xf1\x06\xe2\xc59~\xd5\xa9\xbc5\x82]\xc2F\x19\x91k',1622759182,202615,21000000000,0.004254915
26,2.10E+20,1.11E+12,210,0.11,0x99CCF0db7783927E9a1Ad324e99b6964C587024A,"b'\xf7\xf1\x83\xbdpO\xbc6\xd1*\xb83Px,\xb1\xfa\x18\xdb\xdf\xd6\xf4\x86\xf0\xa3\x84\x86\x8b8\xd5\xc4\xf0'",1622759704,207938,26000000000,0.005406388
8,2.10E+20,2.10E+12,210,0.21,0x99CCF0db7783927E9a1Ad324e99b6964C587024A,b'\xdf%i]\xee\xff\xe0\x19^a\xdd\x00\x98]!\xa1i\x04}\xe6Gh`+\x1c\x02+\x92\x16\xa4k\xe5',1622759847,202615,23000000000,0.004660145
40,2.40E+20,1.11E+12,239.69,0.11,0x99CCF0db7783927E9a1Ad324e99b6964C587024A,"b'\xeb)TGO\xee\xf3-\x7f<\x93&\xd4-\x02\xd9\xe4i\x94U\x15\xfc\x02\x04\xcd\xc9\xb8\xab\xbd~,E'",1622760042,202615,24000000000,0.00486276
8,3.00E+20,1.00E+13,300,1,0xED6F4Cd9288FB42F9E119F663B810bE25E857D0B,b'\x02\xbf\x9at(Q|\x81\xddw\x9c\x1b\x92\xab\xaa\\\x05\xb0\x94 <\xae\xf9\xb3o\xf10\xca\x82\xa7gQ',1622765331,242138,27500000000,0.006658795
44,0,0,0,0,0x0000000000000000000000000000000000000000,b'r}r\x1b\x93I\xc6\\\xb4\\\xd4}x\xbb\xf1\xa9O\xfd=O\x96\x97IV\xdc\xeb\xfc\x9c\x82\xdd\xa3V',1622778615,110339,22000000000,0.002427458
13,1.52E+20,3.10E+12,152,0.31,0x99CCF0db7783927E9a1Ad324e99b6964C587024A,"b'8\xac\xdd\xad\x93\xb3J\x8d\xf1\x9b\xb81\xeej\xbb.""H=w\xac\xbd\'\x8e@\xcc\xc2+\xbc\xe4\xc0\xbf'",1622781128,202615,19000000000,0.003849685
36,1.31E+20,7.60E+12,131,0.76,0x99CCF0db7783927E9a1Ad324e99b6964C587024A,"b""\xaa\x94\x11\x90q\\G;\xfd!\xd9`\x9f\xa9\x89l\x08@\xb4\xe7\xc5J\xd7'N\x91\x17\x0c\xc5\x1c5\xc0""",1622781688,190838,24000000000,0.004580112
49,1.53E+20,5.10E+12,153,0.51,0x99CCF0db7783927E9a1Ad324e99b6964C587024A,b'(\x93\x9a\xa0 \xc0\xea!\xcaHa\x1f\x80\x84 R\xa5#M\xc9\xcb\xf6I\xdfr\xd1s\xa1\xbe\xefV}',1622781814,219715,20000000000,0.0043943
41,4.00E+19,8.51E+13,40,8.51,0x99CCF0db7783927E9a1Ad324e99b6964C587024A,b')\x96\x05\xe5I\xe1(\x8f\xf9\xfd\xbd\x8f\xf6\x1d\xfe\xfd~\x05\xb0\x068R3\xf6\x88\xeeH14Tv\xff',1622782325,219715,17600000000,0.003866984
43,1.60E+20,1.01E+13,160,1.01,0x99CCF0db7783927E9a1Ad324e99b6964C587024A,b'\xde\x93:\xd5c\xf9\x93h\x13P\xde\x03J{\xa4\xbc\xb8\xf63v\xdd\x13\xbcx@}\x8bq\x1a\xe7\xd0?',1622782708,219715,20000000000,0.0043943
17,1.55E+20,1.01E+13,155,1.01,0x99CCF0db7783927E9a1Ad324e99b6964C587024A,"b""s\x8f]\xcd2\x16\xb7\xa4Hi\x91\x07@\x92n$\xe4\x03>\xd5\xcf'gJ\xcb\x8e{\xe6EK\x02\xed""",1622782863,202615,20000000000,0.0040523
20,1.56E+20,1.11E+13,155.89,1.11,0x99CCF0db7783927E9a1Ad324e99b6964C587024A,b'&4r\xc6\xb8\xecz\xdcU\xb5\xce\xddSs\x84!PCY\xfd\x08\x0b=\xf0\x89\xc1\x1c`\x11\x13($',1622783004,202615,20000000000,0.0040523
37,1.05E+20,3.01E+13,105,3.01,0x99CCF0db7783927E9a1Ad324e99b6964C587024A,"b'\xb0\xcb\xdb*\x1b\xa2\x86\x91\xda\xbd\xb8\xd3$\xd9\x86\xf7a\xda,\x01m\xd3\x06\xfc:Y\xbf\xb8\xcd7\xd8f'",1622784813,202615,20000000000,0.0040523
13,1.52E+20,5.00E+12,152.42,0.5,0xB3f31aD589Ba65df22ED16341EA623b685DD78E5,b'#i]\x19\xb1\xc8\xf7zz\xd4\x8c\x89\xcds\x81ID\xfa\xd6P\xa9\xb1\xae\x94\rF\xbe\xee\xac_\xf6%',1622785435,190838,26000000000,0.004961788
42,1.66E+20,1.01E+13,165.67,1.01,0x99CCF0db7783927E9a1Ad324e99b6964C587024A,b'\x8d\xcd-\xb2U\x10]\xb0\xa5\xf2L\x1a\xe8~I\xee%\x15\xa7L\x9b\xa5\x1a\xcd\x9a\x93+d\xb1r\x1c2',1622785447,202615,22990000000,0.004658119
44,2.27E+20,1.00E+11,227.01,0.01,0xA25207Bb8f8EC2423E2ddf2686A0CD2048352f3E,"b'\xdf\t\x9d\x86\xff$\xb1\x12\xf2\xd0\xf9*<\x8b\x11\x00\xea\xc0Y\xd4\x17/\xad""\xb5P&c6\x07\xaev'",1622793157,152421,23000000000,0.003505683
44,3.00E+20,1.50E+11,300,0.02,0xb2F1a288E6Bf497e3B41adf23a4a89896069d1F6,"b'\xd5\xa5""\x9f\xf5\xb8\xf2\xc5\xf1\x1f\xe6\x167\x1f\x91\xb1%\xd7\x94\x110\xb3\xfa\xb9H\x114\x88\xbdu\xe5z'",1622794460,190826,17000000000,0.003244042
13,1.66E+20,5.50E+12,166.17,0.55,0xb2F1a288E6Bf497e3B41adf23a4a89896069d1F6,"b""\x872\xb2\xe9\x06\x1f\xdf\xe3\x17\xa1\x03<CC\x8c\x85C\xa8Z1&\xe8'\xfe\x15\x05Qi\xdc\n8i""",1622794567,190826,17000000000,0.003244042
41,4.50E+19,9.00E+13,45,9,0xE3b2F16a52671AF6a5d498D3CfDcCCdC2Ad0D58f,b'(J[e\x05\x15\x8a\xd8ce\xd4\x9e~M\x8f\x19\x0c\xe1w\xa4\x90\x12\x8a?*L-\xd1$\x10A}',1622794812,190838,16000000000,0.003053408
50,4.08E+20,1.30E+12,408,0.13,0x2c39B8C5B9D31299449474A4D0bcd8F9A32751E4,b'\xcf\x84\x97\xf8^\x9f\r.?M\xc3olm\\\xe6\xb7\xbe\xfe\xd1+2MgH\xbb\xf6\x9f\xf0\xfb\x03\x9f',1622799187,207938,18000000000,0.003742884
21,3.30E+20,1.11E+12,330,0.11,0x203165Bb2109f960e02Fe44d15f446EFEe1Db60D,"b',[\x94\x87\x84\xf3\xdd\xed\x7fQ\xcd\x8c#\xc9\xc6\x00\xd5\xc4x\x86p\x98\xac\x94t\x85\x89B}wW\x8d'",1622799676,207938,24000000000,0.004990512
26,3.19E+20,1.20E+12,319,0.12,0x6e5d43A620fC9456A1F23BE69933a516E177dDec,b'q8\xb8\xa6\x06K3b\xc9\x87|\x1f&\t\x7fz\x9e8\xd0\xf6Re\xf0\xb1\xf6O\xeck\xe3\xd6\xc6\xf9',1622800624,190838,17510000000,0.003341573
13,2.01E+20,5.60E+12,200.93,0.56,0x99CCF0db7783927E9a1Ad324e99b6964C587024A,b'\nz\xcd\x15\xae\xe6\xed\xa0r\xbf\x8c\xc6\xb2\x885\xec\x144f\xac\x19\xbdM\xf9\xfa\xb5[\xe4\xe3\xaf\xe2\xfe',1622810130,190838,26000000000,0.004961788
29,2.01E+20,5.10E+12,200.99,0.51,0x99CCF0db7783927E9a1Ad324e99b6964C587024A,b'\x17\x89FH\xe6\x00g\xc3\xa6\x91\xe5DM\x8c\x03w3K\x13\xa0\xa0\x1dsR.\xc0\xfaDhy)\t',1622810419,202615,23000000000,0.004660145
37,1.06E+20,3.12E+13,105.73,3.12,0xAe22A659B0b58F4C61a6Aaf7fC0fe7b1f7Fa59fC,"b'\x9b\xf0\xf0\x14\xa1\x15\x83\x1e\xa0,\x96\xd9h\xbc\xd3L\xdd\x1dC\xca\xb8r\xbe\xfc\x18\xc2o\x12\x1c\xb2\xe8\xd8'",1622813966,190838,20000000000,0.00381676
10,3.33E+20,1.21E+13,333,1.21,0xbD75540343904343A49E084523596Ed8d9978d7b,b'\x8f?DXOq\x9c\xef\xfd4*\x1e\xdf~\x9b^c\x00\x862\xf2\xca\xd7\xbe\x0c3*\xabf\xd2\x15^',1622836052,202615,25000000000,0.005065375
9,2.27E+20,5.18E+12,227,0.52,0xA25207Bb8f8EC2423E2ddf2686A0CD2048352f3E,b'Y\x94i}\x12/\xcbhjIU3\x0ex\x93\xb9\xa14\x1d\xe1\xb8\xae\x1e\xeaBJ\xad\x8f]-Ed',1622868245,202615,14300000000,0.002897395
9,4.01E+20,1.00E+13,401,1,0xED6F4Cd9288FB42F9E119F663B810bE25E857D0B,b'\xa7\xcb\xff\xd1\xc96*99\xc78c\x08X\x99\xab}@\x0c8\xcenr\x89ko5\xae\x0e\xef\x14\xa5',1622880480,190838,13000001347,0.002480894
44,4.00E+20,2.10E+11,400.3,0.02,0x0788373603522a79fCC5710910C20067f64BAD17,"b""t8#S\xcfE\\}\xf1'FT\x0b\x10\xb3\x10\x11\xbb\x0e#\rZ \x18\xb8s\xddP\xbe\x1a\xd4\xa1""",1622896371,190826,14100000000,0.002690647
38,3.97E+20,3.50E+11,397.42,0.04,0xA25207Bb8f8EC2423E2ddf2686A0CD2048352f3E,b't\xe6]\x16\x8c\xc9o\x9dK\xa3PK\xb4\x9b\xcd`H\xd7r\xe8\xb4\xafPFv\xfe\xd27\x8f\xe1k\x83',1622922777,236803,11500000000,0.002723235
21,3.92E+20,2.00E+12,392.37,0.2,0x1b0f1838C48Ee8F0D3f0D0375A2e991e17cD2fd3,b'.\xf0\xcc/\xdbi\x1a?\xb4\xb7\xbd\x8b\xfb\xcb\xb9\x92Vh\xfdL\xa7V\xbd\x94\xea\x01\x19L\x8c\x83]\xc1',1622968014,190838,14000000000,0.002671732
36,1.58E+20,2.71E+13,158.07,2.71,0xE890EB333d154fBb4242327228d3fFce125A5867,b'(\xfa\x7f6\xb1\x1c\xf7&\xdc\x9br_\x0e\xb1t-\x96\xe66\xf5\xa4\xf3\x92\xacX\xe3\xa1\xd6\xf1[}\x19',1623002008,207938,16000000000,0.003327008
40,3.30E+20,1.12E+12,330,0.11,0x203165Bb2109f960e02Fe44d15f446EFEe1Db60D,b'y7`\xd8\xa4{L\x16^`:\x8e\x82\xc2\xe3\xd8\xa2]\xd9\xe8lQ\x00\x12\x1c\xe6\t%\xc8n\xe1\xb8',1623003548,190838,15000000000,0.00286257
41,8.27E+19,9.00E+13,82.71,9,0x97A089C0F9933e6D45D5cfb351eFE15a3817Cf04,b'\xdf\xf4F\xafC\xb4\xb7\xf0\xb3\xb9n)\xa8\x8b\xca\x8cy\xcaif\xcd\x93\x12r\xf4V\xfbI\xd4\xf4S\x00',1623040119,207938,13000000000,0.002703194
41,0,0,0,0,0x0000000000000000000000000000000000000000,"b'7\xb4\xe9""\xa7H%[\xd1>t\t\x82r\n\x0e\x85D\xb9\tMX,\x02\xc1W\xa0V\xd3m\xa3\xdf'",1623041837,144539,10000000000,0.00144539
41,8.27E+19,0,82.7,0,0x97A089C0F9933e6D45D5cfb351eFE15a3817Cf04,b'IO\x9c\x93\xa5M\x876\xa6aV\xf5\x9b\x1d\xae\x10\tJi7\xcc\x7ff\x01\x89\x03^\x8aj\x83\x13D',1623042330,132473,11000000000,0.001457203
14,0,0,0,0,0x0000000000000000000000000000000000000000,b'\xd1k\xec\xd0\xf1\xefU\xabd\xab\x89\xb6\xcapk\xb1Q{\xfc4\xe5\xbe?3\xff\xad\xa3+\x97f\xb0\xed',1623045813,98139,11000000000,0.001079529
41,1.03E+20,5.00E+13,103,5,0xE3b2F16a52671AF6a5d498D3CfDcCCdC2Ad0D58f,b'8\xeb)T:\xd4Q\x93T\xbd\xd1;$I1\xc9v?\xf5~\xf49\x00d\x95\xac\xadK\xd6\x170\xb4',1623046337,185991,11442500000,0.002128202
14,7.50E+19,5.00E+13,75,5,0xE3b2F16a52671AF6a5d498D3CfDcCCdC2Ad0D58f,b' \n\xff\x91\xbcV+\xe5\xa5\x96\xb7\x8f}Q7\x87l`\xe9\x06\x9d+\xe6\x00g\x82\xbd\xb3\xb5qL\x90',1623046488,152421,11000000000,0.001676631
47,2.90E+20,2.01E+12,289.8,0.2,0xd2466014bB7fA0C5e1cBB38974301bd37a727908,b'\xf1\x0e\x80\xd0\x14\xf4\xe6a\x1d\xcf\xad\xde\xa30\x8e\x98d\x1d\x1e/=6\x90\x8c[h\x92\x1e%.\xa8N',1623053081,207938,11000000000,0.002287318
14,8.27E+19,7.10E+13,82.7,7.1,0x97A089C0F9933e6D45D5cfb351eFE15a3817Cf04,b'\x1ev\xf2\x1b\x14\xe4\xe8(;4\xba\xac\xa2\xd4}1\xbb\x02#n\xf9\x90\xbb\x02<g\x8b`\xbe\xcb\x8d\x14',1623071850,190850,14550000000,0.002776868
37,1.15E+20,3.15E+13,115,3.15,0x99CCF0db7783927E9a1Ad324e99b6964C587024A,"b'Ibc\xa8\xf5b2\xfbp\xaaL\x1b\x1b\x1f>/\x8b2\x0b\xf6\x07,\x83i~M\xa7\xa1}r\xc0I'",1623073384,190838,21000000000,0.004007598
46,1.80E+20,1.02E+13,180,1.02,0x99CCF0db7783927E9a1Ad324e99b6964C587024A,b'wf:a^\xec\xb4\xbc\x1f\x99m\n\xc2JlE\x82g7:\xb0p\xfb\x12\xd6\x12\x93\xf7\xfdn\xb9P',1623073685,202603,17000000000,0.003444251
16,1.80E+20,2.51E+13,180.48,2.51,0x99CCF0db7783927E9a1Ad324e99b6964C587024A,b'\x15\x04lW\xebcG-HX%\x8e\x89\xef\xa7\xe7\x86\xbc\xe8U\x9c+\x82\x03\xf4\xa4<\xa7\x8cp\x04\xa6',1623073798,253915,18000000000,0.00457047
46,2.50E+20,2.00E+13,250,2,0xED6F4Cd9288FB42F9E119F663B810bE25E857D0B,"b""\tl]\x8d\x1ar\xe7\x93l\x93\x15r\x99\xbf\x92\xee\xf57\xfa\xcbl''%,\x8e+%\xd1s\x03d""",1623095825,190838,11500000000,0.002194637
36,1.80E+20,2.72E+13,179.98,2.72,0x99CCF0db7783927E9a1Ad324e99b6964C587024A,b'\xa3\x15\x93TAV\x17o\xed\x8f/%bN\x97\x98\xef\xe1\xc6\xb79_\n\xb1T\x92\x84_\xa8B\xedt',1623096255,225038,12000000000,0.002700456
49,2.49E+20,5.20E+12,249,0.52,0x203165Bb2109f960e02Fe44d15f446EFEe1Db60D,"b'\x1eV\x7f\xdd\x1eqL,9\xb1\xd7\xc8\t)J\x90\xcf*\x9d\xd5g\x14>\x0b\xcd+jC\x82\xe4\x16%'",1623105453,190838,21000000000,0.004007598
44,4.66E+20,2.20E+11,466.16,0.02,0xb2F1a288E6Bf497e3B41adf23a4a89896069d1F6,b'\xfa\x17\xe7\x06\xedeGI\xcf\xd2\x91RsJ\x153\x7f\xb39sv\x9a\x94\x9aVM+\xc56\xfcAw',1623163839,190826,48000000000,0.009159648
17,1.60E+20,1.01E+13,160,1.01,0xd43f3716CbB9386352880a9BD52f7F07aC01752B,"b'\xefse\x1b\x9b\xcd\xf2N\x16\x85,\xe3d\x88\x13\xb3n\xd9\xb5\xf7W\xcb\x1f\xaf)\xcd\xf7Y\x0e\xe9\xea\x9c'",1623178491,190838,13000000000,0.002480894
3,0,0,0,0,0x0000000000000000000000000000000000000000,b'V\xcd\x18\xed`%\xf9u7\xacvF\xbe=$\xfd\x8cr\xd3G[g\x03\xc9\x1b\x95\xba#n\x14\xcb@',1623188578,105492,24000000000,0.002531808
17,2.01E+20,1.02E+13,201,1.02,0x99CCF0db7783927E9a1Ad324e99b6964C587024A,"b'\xfb\xcf\xe5\xa1\xf5\xc6\xaa\xb2\xf1\x12\x13\xd5\xa2\xc1\xe4W\xf0\xbc;\xfb\xfaJ\xfdD\xad\x14\xd6\xeb,\xeb\xfe\x1d'",1623188976,190838,17000000000,0.003244246
14,0,0,0,0,0x0000000000000000000000000000000000000000,b'k\x15n\xa0w=\xc8\xfb\xb6\x93\x9b\xf9\xf3\xf4\xd8\x81?\xc0T\x86\xba\x8a\x7f4\xad\xcffN\x9c\xfd0\x8e',1623201920,110339,11551050000,0.001274531
43,1.76E+20,1.01E+13,176,1.01,0xd43f3716CbB9386352880a9BD52f7F07aC01752B,b'\xa6\xfc\xe4\xfd\x8c\x1aK\x89J\x9a\xcd\xb4\xa0~V\xe2\xa0\x1b\x9b6\xc1(\xd3&\xd6j\xcf\x93O\xdb\xde\x11',1623229040,207938,10000000000,0.00207938
47,4.00E+20,2.10E+12,400.3,0.21,0x0788373603522a79fCC5710910C20067f64BAD17,b'\xad]g\r| \x1f\xf5\xc8\xd1])\xa2\x9f\xa7\xb6\x0c\xfe\xc8\x14\x800=\t\x87\xeb[\x17\xfa\xdb\x08t',1623230556,210038,12100000000,0.00254146
14,7.45E+19,3.50E+13,74.5,3.5,0xE3b2F16a52671AF6a5d498D3CfDcCCdC2Ad0D58f,b'\xa1MZ\xf0\x17\xb6O\xee\xa0p>\xc5\x14\x08\x10\x1d\xdb\xf6!\xf9\\R\xfa\xd7J\xa4\x08\x84\xa1\xc1\xa5K',1623236828,152421,9000001459,0.001371789
20,1.58E+20,4.20E+13,157.57,4.2,0xE890EB333d154fBb4242327228d3fFce125A5867,"b'\xf4VG\xd3\x17NY<\xcd\xf0k\x05J\x9foQ\n\x9cFi&\x8e\xad\xbc\xaf""\x05k\x80\xd4\xdb\r'",1623238709,190838,14000000000,0.002671732
3,1.50E+20,2.00E+13,150,2,0x74fF67a092b57040B5EcC017887daf7aFFBF2DCb,"b'\xa1\xed\xa8""Yb0\xd1R\x042\xf9}8\x8d\xb8\xf5\x0b\xce\xd2\x83\xf7Fc.\xb2\xe7\xc6\'\x91\xcd\x1c'",1623248397,152421,25000000000,0.003810525
42,1.66E+20,2.50E+13,165.9,2.5,0x342996D8EAC41fb5ea4ab781863eA66C230C39EA,b'\xc1\xdd\x91\xf8\xdc\x8a\xf1vV\x1cC\xdeu\xe2\x96\xeco\x12\xe0\xfb\x99\x12\xee\xbe|\x8d\x1f_\xff\xcd\xa4\xe3',1623274093,192962,10000000000,0.00192962
38,1.00E+21,2.10E+12,1000,0.21,0xbD75540343904343A49E084523596Ed8d9978d7b,b'\xa0\x81T\x9f%\xb3\xa0DaO\xe59\xa6u\xe3NB#.\x98\xafi\x9f\x10\xbf\x8f\r3\x83\x14\xb3M',1623357801,207938,20000000000,0.00415876
40,3.97E+20,1.15E+12,397.41,0.12,0xA25207Bb8f8EC2423E2ddf2686A0CD2048352f3E,b'^\x06g\xd6\xc25\xe0\xfd\xc9\\*\x05\x9a_a\r\x0c\x90\xabx\x020J\x031\xb5\x9d\xed\x9d\xee\x91l',1623419018,190850,12320000000,0.002351272
35,3.30E+20,3.10E+12,330,0.31,0x203165Bb2109f960e02Fe44d15f446EFEe1Db60D,b'\xaca\x17b\x83\xca\x8f\xd5RiI\x89\xec\xaaZ\x95\x0f\x0f\xfdF\x1fzVe9T\xc7\xb3@\xe5\r!',1623529701,190838,14000000000,0.002671732
41,0,0,0,0,0x0000000000000000000000000000000000000000,b'g\xc6\xc7H\xda\x1a@\x163\xe4\x9d\xcd\xe2!5\xe3\x0f\xd4\x8ft\x0f\x11A\xcb\xd8\xd7E\xab]\xf7\xb4k',1623537920,110339,7000000000,0.000772373
25,3.24E+20,2.00E+13,324,2,0x51BD9fd860223EF52cF77b517EbaB5cA58dc1c63,b'p(\x05\xe5\x94\xe7bE\x89A\xdf4\xf4\xdf\xb2\x8ef\x9c5d;\xc1/\x12~\x0c=t\xeb\xa0O?',1623544492,202615,10000000000,0.00202615
14,0,0,0,0,0x0000000000000000000000000000000000000000,b'\x039\x0fSCKA\x80\xc8\xda\xdb<\xae|vE;}B\xb8\x9b\xe1t\xce\xa5\xdbn\xba\xff}{\x10',1623623837,110339,7000000000,0.000772373
41,9.49E+19,5.00E+13,94.89,5,0x342996D8EAC41fb5ea4ab781863eA66C230C39EA,b'\x85\xf4\xb3\x8b\xaf\xc6\xe5/|@\xdf\x1a\xab\x92J\x89v[\xe6\x0c\x05\xcc\xd4\x8f\x95g\xf3\x8e\r\xcb\xdf\xa5',1623890970,137445,12000000000,0.00164934
14,1.00E+20,9.00E+13,100.1,9,0xE3b2F16a52671AF6a5d498D3CfDcCCdC2Ad0D58f,"b""\xb4g3PX\x05\x12\xbb\xf4\x80'\xe5l+\x04[\xf7\t\xbb\x97\x8e0\x84W\xc8\xd8\xfd\xf62\x16\xe8`""",1623906481,152421,10000000000,0.00152421
41,1.00E+20,9.00E+13,100.1,9,0xE3b2F16a52671AF6a5d498D3CfDcCCdC2Ad0D58f,b'\xa9\x01\xc8\xbbv\x90\x1c\x85\xd6\x17\x19\xfbp\xd9S\xf9\xfe\xdc\n.z\xbcQ^\x8b\xbc\xd2\xdbT\x08ft',1623906543,225038,10000000000,0.00225038
43,2.01E+20,1.02E+13,201,1.02,0x99CCF0db7783927E9a1Ad324e99b6964C587024A,"b'l\xac/\xd1j\xa6,\xf4\xa8\x9e\xa3E\x1e\xd2&\xa3\xe1\xeb\x84\x06\xfb\xf7wLf\x8f\xe2S\xf02?\xc8'",1623913985,202615,13000000000,0.002633995
3,1.74E+20,2.01E+13,174,2.01,0x99CCF0db7783927E9a1Ad324e99b6964C587024A,"b'\xbdn\xf8\x16l ]\xe2\x81\xf7\xf3D\xa3\xa2\xe1\x17\x19\x81\xfdM\xfb\x7f\xf2m,Pl>\xdd\xd8\xedG'",1623914075,202615,13000000000,0.002633995
39,2.01E+20,1.11E+13,200.84,1.11,0x99CCF0db7783927E9a1Ad324e99b6964C587024A,"b""E/\xca\xff\xab\xc21\x18\xf4\xdbh\x1a\xabKi\x9a{\x1dH6~\xd7\xdc;\x88\xf1\xa5\nF\xf1'\xe1""",1623914237,202651,10000000000,0.00202651
28,2.01E+20,1.06E+13,201,1.06,0x99CCF0db7783927E9a1Ad324e99b6964C587024A,b'\x0f\x0eJ\xb8\xd9\xad\xe49\x7f\x19+\x14B\xb2O{\x12\x14\xb2\x1b\x96\xadX\xdf\xfc\xc0e/{\xe47:',1623914294,202651,11000000000,0.002229161
42,1.80E+20,2.51E+13,180,2.51,0x99CCF0db7783927E9a1Ad324e99b6964C587024A,b'\x1c`\xa8\xbfK\x16\xc3\xbdS\xe5\xcd;\x05Zy\x9a\x83?u\xa4\xcbY\x89\xdc\xc7\xdd\xc3|\xdc\xd4\x03\xd0',1623914805,202603,9000000000,0.001823427
11,2.13E+20,2.01E+13,213.48,2.01,0x99CCF0db7783927E9a1Ad324e99b6964C587024A,b'A\x03\xc4\tMP\xd9\xa1\xbd\xdc\x02\xe1\xad\xb8\x02}\t\xf0\xbfa\xbd\xf0\x1f\xb7\x8eG[\xda\x0e\xfbo\x02',1623915078,202615,8000000000,0.00162092
49,2.60E+20,1.00E+13,259.53,1,0x342996D8EAC41fb5ea4ab781863eA66C230C39EA,b'\xd3z\xa7\xd0:\xf2D\xf2\x9b\xfe>\x1bu\xe3\xadk\x1c\x03_o\xa5h\xe2\x13\xf6\xb3\x99\xd6u\xad\xf2+',1623917693,202639,12000000000,0.002431668
40,4.27E+20,1.16E+12,426.62,0.12,0x203165Bb2109f960e02Fe44d15f446EFEe1Db60D,b'\x93\x8b\xef\xaf\x02T]\xdc\xb6\xf8\x8f\xba\xc9\x89Es\xe2\xac\x97\xce\xd7N\x96o%\x05m\x1a\xbe\xe6N\x99',1623967704,202615,14000000000,0.00283661
26,3.97E+20,1.20E+12,397.36,0.12,0xA25207Bb8f8EC2423E2ddf2686A0CD2048352f3E,b'\x85\x91\xf2VJ@\xa3\xa3\x8eT\x01\xd1\xa3\xd1}i\xf8z\xc5]i#\x18\x8b&\xd0\xab\xd7\xdd$\xf9\xf6',1623998990,190415,7000000000,0.001332905
12,3.19E+20,5.10E+12,319,0.51,0x6e5d43A620fC9456A1F23BE69933a516E177dDec,b'\xd3 \x98\xe3\x84\xd5\xb2E\xd5\x87X1\xd5\x81\x8f\xb8\x90\x0eR3D\x91\x06HK\xd7\xe6u_\x9a\xed\xe5',1624000419,202651,10000000000,0.00202651
29,3.02E+20,2.00E+13,302,2,0xED6F4Cd9288FB42F9E119F663B810bE25E857D0B,b'I\xc6\xb1\xbc\xee>\xdez.\xf9\x95\x16\x07\x90\x16\x87lM$\x1c\x971\x85/5\x11\xa0\x8cM\r\xf1\x8e',1624024457,219715,17000000000,0.003735155
7,2.01E+20,2.01E+13,200.53,2.01,0x99CCF0db7783927E9a1Ad324e99b6964C587024A,b'B\xe1\xfa\xafK\xd7\x0fy\x14\x1d\x1e\x8d\xa5!m_lKU\xcdRh{\xf7Y\xe3\xdd\xcf\x84\xb08\xa0',1624110125,202615,12000000000,0.00243138
13,2.10E+20,5.70E+12,210,0.57,0xAFc7e26C9504f4073793bAe1a654557CADA919dB,b'\x9e\xd7A\x96\x81\xa3\x9dA`G\x11\x14\xb3[Ul\xc5)\x81\x0c\xa6v\xc2nP~\xed\xed\xf6_\xa4l',1624120804,219715,13000000000,0.002856295
13,2.12E+20,3.00E+13,212,3,0xED6F4Cd9288FB42F9E119F663B810bE25E857D0B,"b'\x9d\xc8\xe7\xce\xc8[\xc6\x9eDu\xed\xd9\xcd\xf2\xe6B_e\xf4\xaa \x1c\xa1""\x17\xfeA\xe8\x9a\x95\xeau'",1624123481,242138,12000000000,0.002905656
5,2.70E+20,1.20E+13,270,1.2,0xAFc7e26C9504f4073793bAe1a654557CADA919dB,b'\xdc\xfbM&QG\x120\x8d3}\xc8@0\x00 \x87E4V\xadL\xfav!\xf7\xc5)>k>.',1624124994,202639,11000000000,0.002229029
32,2.00E+20,2.11E+13,200.38,2.11,0x99CCF0db7783927E9a1Ad324e99b6964C587024A,b'\xcb6\x04\xfb3;\xea\x8e\xb4i\xaa)\xe5\xc9\xa6-\x03\xdc\xca?t\xc4\x9b\xc3>\xd9\x89\x93V\x80\xf4\xdf',1624208461,202615,9000000000,0.001823535
45,2.60E+20,3.00E+13,260,3,0x74fF67a092b57040B5EcC017887daf7aFFBF2DCb,b'\x02\xaeA\x9cT\x86\xc2\x8e\xfcNR\xe4\x13x}\xc5A\\\x90\x12\x84R\xf2J[\xa5\xd2f\xb7sL\x03',1624216216,202651,30000000000,0.00607953
43,2.84E+20,3.00E+13,284,3,0x74fF67a092b57040B5EcC017887daf7aFFBF2DCb,b'\x9d6\xe5\x1c\to\x11\x1a_\x0fj\xd8[h\xbc\x7f\x84\xfd\xcf4\xae8\xb2\xcb\x9drv\x05e\x82_S',1624218897,190838,29750000000,0.005677431
27,2.01E+20,2.11E+13,200.77,2.11,0x99CCF0db7783927E9a1Ad324e99b6964C587024A,b'\x12\xa8\x17\x92\x97U!y\xbd<\x8b\xec\n\xa7\x9fC\xd4\xf1)\xfd5D\xb1\xcc{\xac\x1d\x84\rY5Q',1624329712,202615,18000001347,0.00364707
14,0,0,0,0,0x0000000000000000000000000000000000000000,b'\x8c\xd9\xe2\xb4\xed\xef\xc9\x99z\x88n\xb4\xe2\x9d A\n\xa6\x00\x9e\xcd\x8f\x9c\x17\xa6\xdd)u\xd6\xea\xc18',1624395036,122116,16000000000,0.001953856
41,0,0,0,0,0x0000000000000000000000000000000000000000,b'*\xb6Qs\x0eKkP@R\xad\xce\x01\x83\x07\xb8u\x11\xb9\xdb\xf1q\x93\xb9U\x15\tS\xbfG$\xca',1624395036,122116,16000000000,0.001953856
41,1.93E+20,2.10E+13,193,2.1,0xE3b2F16a52671AF6a5d498D3CfDcCCdC2Ad0D58f,b'Z3\x03\x00\x93\xe6\x03C\x88\xa1\xdf\xd1B\x1c\xc0\x8b5\x87\xa0\xa3\xfb\xf8]\x07{\xed\te$zcu',1624396730,152421,16000000000,0.002438736
14,5.00E+17,5.00E+12,0.5,0.5,0xE3b2F16a52671AF6a5d498D3CfDcCCdC2Ad0D58f,"b""h\xf1\x1a\xb2W\xa9T\xd7\x10\x00\xa3\xe5\xcc\x85?dZ\x04\x98\xa0z'\xd8R\xdf\xd7\xf3\xc78Z\xe0Z""",1624438915,152409,15000001459,0.002286135
20,0,0,0,0,0x0000000000000000000000000000000000000000,b'C\xc4\x99\xca;\xe1<\x80}\xa6\xa0\xc9E\xdf\nC\xfe\x02a\x01X\xb28\x1d\xdc\xfd\x8c6\xbd\x18\xc3\xbf',1624691922,98139,13346333010,0.001309796
28,2.02E+20,1.25E+13,202,1.25,0xE890EB333d154fBb4242327228d3fFce125A5867,"b'\xc5o_\xea7M\xcf\xe3\xf3u\n\x99\x89P\x92,\x15\x99\x0c\xab\xba\xba\xbbqOa]\xfd[\xb7Q5'",1624693833,190838,17000000000,0.003244246
14,7.00E+18,1.00E+13,7,1,0xE890EB333d154fBb4242327228d3fFce125A5867,b'\x80\xb7F^z\x11\xa8U\x04\x91<E\xcc\xd8\x1eK>\x97\x0c1\xd3;\xe8a6\xb2\x08\xdd+o\xe7\xc0',1624693913,190826,17000000000,0.003244042
20,1.00E+18,0,1,0,0x68aAA618D6B7F5C9363760AC473d91056Fc7aC01,b'\x07\x8e\xc2\x9f.\xb3\x84W\x15i\x06\xdc\xc5\x19\xe5\xb3*jL\xb9N\xe0\xa1\xbce\xe9\x86>+G-\xb8',1624731560,149549,15000000000,0.002243235
37,2.93E+20,3.16E+13,293,3.16,0x68aAA618D6B7F5C9363760AC473d91056Fc7aC01,"b'\x1b\x82JE""\x0c3\x97\xc1\xb7\x9a\xd1\xcc\xa5\xaf\xa4\xdb\xc4\xfa0\xc4\xa9f\xc9\xc8\xcb\xda\xd2@\xec\xd0\x1b'",1624734462,202615,18000000000,0.00364707
20,1.23E+19,1.20E+11,12.32,0.01,0x2623b37a4c349B6834B63F3740140c64AB606E2A,b'\\\xdb8\x00\xf3x1i8gV\xa5/\x88\xe9\xf6\xf3~WB\x7fh\xd4\xa8\xf4\x08O\xd5\xe0\x07\xec\x07',1624790182,237267,10000000000,0.00237267
37,0,0,0,0,0x0000000000000000000000000000000000000000,b'\xe8QO8O\xa1\x13\xafY\x95w\xac\xcb6M\xf6S\xb7Op0;#\x8e\xf8\xa7_#\x1cX\xe9\xfb',1624792992,127439,10000000000,0.00127439
37,1.00E+20,2.00E+13,100,2,0x68aAA618D6B7F5C9363760AC473d91056Fc7aC01,"b""|\xaf\xa5\xf4\x96q\x8d \xe0*\x8fk\x04\x92XtJp\x1c\xa8\x8a\xbd\xaf\xb9\xb8\x04;\x83'f\xb8R""",1624793213,152421,10000000000,0.00152421
14,1.00E+20,2.00E+13,100,2,0x68aAA618D6B7F5C9363760AC473d91056Fc7aC01,b']\xed\x8c\xf9\x8f\xd9d.\xb8\xeae\xf1w+\xa7\xe7\x96\x82\tb_\xf4\xfd;\xe7\xc4h\x7f\x0e\xc3\x8eA',1624793366,190838,10000000000,0.00190838
20,9.40E+19,2.50E+13,94,2.5,0x68aAA618D6B7F5C9363760AC473d91056Fc7aC01,b'\x16c\xa9\x1a]\xde\xea\x17\xaey\x83\x98=8\x8dl\x99\xd4a\x11A\x05\x1a\xce\xb8\xebd\x027\xb9HE',1624793677,242138,10000000000,0.00242138
12,0,0,0,0,0x0000000000000000000000000000000000000000,b'\xd0\x96\x16\xbf\x82\xb6\xed\x14\x18\xcf\xd0\xad\xacA@\x1cMc\xb3;\x9d\x8e\xd2\xcb\xe2b\xfa\xe5\x92\xd9\xacs',1624815321,115239,4000000000,0.000460956
49,0,0,0,0,0x0000000000000000000000000000000000000000,b'l\xadvl6\x86\xb5\xb0\r\xdc\xfe\xc9Y\xc78n\x80\x05tRP\x83\x87\\<\xe3\xe0\x83\xa7\xe9\\\x1d',1624836062,98139,17000000000,0.001668363
12,0,0,0,0,0x6e5d43A620fC9456A1F23BE69933a516E177dDec,"b""\x9b\xa6\xb3'\xeeZ\xd8\x96*\xd5\xe8\x94\x8bM\x1an\x89\xd8\xd0AHYSE\xeb\x17i\xd5\xf6\x13@\xf2""",1624836653,83331,5000000000,0.000416655
49,4.70E+19,0,47,0,0x68aAA618D6B7F5C9363760AC473d91056Fc7aC01,b'\xbf\xa46\x05\xd1b\xb8\x94&\xcd\x96q\x96\xde\x14\x97\xa5\xef\xf7\x11\xc4Z0\x93\x0b\xcd[\xcd\xfa^4q',1624867954,132461,22000000000,0.002914142
36,0,0,0,0,0x0000000000000000000000000000000000000000,"b'~\xb2\xd4\x8e\x90""3\xc7\x9d\xed(\xadC\xa3\xa0\x18\xb9\xcc\xbf\xf4\xb4\xd5L\xf7\xf64\xf9W-]\xa6\x84'",1624933098,139216,13000000000,0.001809808
49,0,0,0,0,0x0000000000000000000000000000000000000000,"b'M\xda\xc1\x8c8""P\x14\xaai\xbb\xef\xba\xd8\x97\xd3C\xc77$\xcb\xc3k \x12\xc2j\xd9E\xaa\xf9g'",1624942470,100592,10000000000,0.00100592
36,1.00E+19,0,10,0,0x68aAA618D6B7F5C9363760AC473d91056Fc7aC01,"b""\x03\x0c'\xe5ZZ\xef\xad\x16D\x86f\xcc\xa0;l/c\x1a{\x18\x16\xdd\x8e\xba\xbd\xe0\xc3\xf9\x95c\xc2""",1624942519,132449,10000000000,0.00132449
49,1.00E+19,0,10,0,0x68aAA618D6B7F5C9363760AC473d91056Fc7aC01,b'\xe3\x18\xb9\x99*.\x1d\xabey\xdc\x19\xb9\xb3\x813\xb6v\xa4;\xdb\x93G\xbf\x8997S[%\x93w',1624942574,132449,10000000000,0.00132449
12,2.72E+19,0,27.24,0,0x68aAA618D6B7F5C9363760AC473d91056Fc7aC01,b'\xfcx\xa2 \x14y\xcc\x14\x97\n\xa4ti\xf8\xb4\xc3\x1b\xed\x8d\x05C^\xd6\xf9F\xdb\x96eJ\xc0*c',1624948386,171377,10000000000,0.00171377
5,0,0,0,0,0x0000000000000000000000000000000000000000,b'\xa0=\x14\xa95\xa8[\x99\xdfs?\x83+?\x8f\xf1\x1f\x94\xf4]*V\x10iU\x1d\x83\xf2\xae\x80zp',1624967823,98139,15000000000,0.001472085
16,0,0,0,0,0x0000000000000000000000000000000000000000,b'\xbc\xeam\x05\xb1D\xeax\xd8m\xb6E\xf3\xfb\xe4H\xbfH-<\x99L\xa4\xda%XG\x08A\xc6\xa8B',1624968337,98139,17000000000,0.001668363
27,0,0,0,0,0x0000000000000000000000000000000000000000,"b'\xc5\xa9\xdf\xcc\xef\xf1\xab\x97\xf5\x1b\\(;\x101\x1f\xd9\x9a\xfb""\x89\x16\xb3\xb4S)\xe9|\x81\x11\x8c\xa4'",1624968525,110339,18000000000,0.001986102
42,0,0,0,0,0x0000000000000000000000000000000000000000,b'\x9cNnW\x9d\xaa7\x96\xfe\x96\x1c\xff^\xe2\x97l\xe9LtTE:\x18\xaa \x8ebG\xbd\xb5\xf40',1624968579,110339,18000000000,0.001986102
32,0,0,0,0,0x0000000000000000000000000000000000000000,b'o\xc6\xdd|\xfa\xb2j\xa1\xcf\xad\x81\xb2=E\x18\x98\x08\xbc\taDt\x9d\xee\xe0\xc7\x14\xb6m\xf5\x1a\x14',1624968681,110339,18000000000,0.001986102
7,0,0,0,0,0x0000000000000000000000000000000000000000,b'\xf5\xea\x90\xe77[b\x12\x0e)/\x11\xcd:\x9e\xeb\x92r\x0bK\xf8\xf4\xb3#<\x7f\xfcmb\x00\xebj',1624968725,110339,17000000000,0.001875763
3,0,0,0,0,0x0000000000000000000000000000000000000000,b'\xf1\xeb\x18bE\x96\x9d\x0f\x12\xde#\xec\xbeX\xddN\xe1\r\xc7\xd8Q\x8d4\x89\x93\x02\x02\x97\xa1\xf6]\x97',1624969697,110339,15400000000,0.001699221
12,3.71E+19,10000000000,37.07,0,0x203165Bb2109f960e02Fe44d15f446EFEe1Db60D,b'\xdf\xb9Pm\xf9x\xeda\xab\xbf\x9a\x7f\xe5a\x15\xa21\xff\xfej{B^\xc7*\xe2\x06\xda\xda\xaf\x9c\xab',1624973692,185979,26000000000,0.004835454
11,0,0,0,0,0x0000000000000000000000000000000000000000,b'\xdb\xc4\xfcI\xa2\xf8Ty\xf9\xc1\x8d\x81\xe6l\x0fsoL\xe8\xff/e\xa0(\xd7#\x9e\x96YD\x89E',1624988242,110339,18000000000,0.001986102
17,0,0,0,0,0x0000000000000000000000000000000000000000,b'.\x99\x1c\x83\x842\xc4|j\x11w\xd1\xdc\xec\xbb\xd3S\x9d[c\nx\x82\xfa\xa3 \xd7\xbf\x1aZ2\xe1',1624988339,122116,20900000000,0.002552224
39,0,0,0,0,0x0000000000000000000000000000000000000000,b'\xbaSN$\xcd\x0c`\x8c\xa0\xabU\x95\x00\x14\x8eLQ\xd5\xe9\x97v\xcc\x9c\x06\xb3ze\xaf\x82)\xb4\xf2',1624988499,110339,20000000000,0.00220678
50,0,0,0,0,0x0000000000000000000000000000000000000000,b'\xd7\xc56\x88~\xe1Q\xa6\x93\xc7\xc4\x8a\xc8wj\xf3M\x8e\x11\xfc\xc8\xe6\xc9\xaa\xfd>\xf9]*\xcf\xf3D',1625003510,122116,18000000000,0.002198088
28,0,0,0,0,0x0000000000000000000000000000000000000000,"b""\xa1\x1c\xd6\xa4\x18\xc8'\xe3*\x00v0\x04}\xae3\xcb\xd0Fc3\x9a\xe9)\xfe\x8c\xc0\xd6(\x04$\xe6""",1625008955,110339,10000000000,0.00110339
50,0,0,0,0,0x351Da3c9B54621f3905462E865FE3723DCBA8e81,b'eX\xa5\x11D\x93B\x19\\\xb6\x00r\xf0Z\xbfo=u\xb0\xf5\xcc\xc1KM\xb5\xcex\xbc\x00V\x86g',1625049367,83331,10000000000,0.00083331
3,1.50E+19,0,15,0,0xE890EB333d154fBb4242327228d3fFce125A5867,b'\xdfj\xa54/\x14j\xf9l\xf3\xf3E\xf1)\xc7\x10\xa3\x0blg\x9b`\xc3\xe8\xe3\xca\xc2\xbe]e\x1d@',1625129912,132449,14100000000,0.001867531
17,1.20E+19,0,12,0,0xE890EB333d154fBb4242327228d3fFce125A5867,b'W\xd8\xaf\x8d\x80:\x97b\x8a\x87\xa8\xcf\xc2\x94i\xc3\xfc\xa6\x86l\xcf\x8d9\x83I\xdf\xdaC\x01\xc2\x91n',1625147011,132449,15825000000,0.002096005
42,4.20E+19,1.00E+12,42,0.1,0xE890EB333d154fBb4242327228d3fFce125A5867,b'r*9\x80\xeb\xb3\xdcB\xf4M%\x95\x99\xe2\x85y\xe9\xf7\x91\xe5U\x14\x0b&X\x11#OL\x02\xddf',1625178072,152409,14000000000,0.002133726
5,2.00E+19,5.00E+11,20,0.05,0xE890EB333d154fBb4242327228d3fFce125A5867,"b'VN=Es\xe8\xa3\x1b_\xa3U^9fN\x9eN\x9f\xbb\x0c\xf2U,|\xb1LM\xa8s\xb3fb'",1625180036,152409,11299999999,0.001722222
7,5.00E+18,0,5,0,0xE890EB333d154fBb4242327228d3fFce125A5867,b'\x9f\xf3\xba\xd1U\x80\xc8r6M\xc0R*j\xa2\xa0$\xea\x7f\xca\x9b=\xde\xfe\t\x8f\xa9^\xd5\xc0\xed?',1625180367,132449,11000000000,0.001456939
39,1.00E+17,0,0.1,0,0xE3b2F16a52671AF6a5d498D3CfDcCCdC2Ad0D58f,b'\x9a\x03\x1d\xf1S\x9b\xe5\xfa\x1a\xcc$}-\xb6g\xe6\xabQ`\x02\x81x\xe4\xe6\x0eV\x05\xb8\x81\xe4\xad\xa9',1625181733,132449,7100000000,0.000940388
16,1.02E+20,2.00E+12,102,0.2,0xE890EB333d154fBb4242327228d3fFce125A5867,b'\xbd\xf6\xb0\x1b\xda\x8a\xf5Z~\x9d\xcc\xc0\xd1\xa74\xebug=\x00\x06\xcc\x8a\xe4\xa8ztz\x8a\tK\xea',1625182014,152421,10000000000,0.00152421
11,2.00E+18,0,2,0,0xE890EB333d154fBb4242327228d3fFce125A5867,b'\xa5\x90B\xa9\x16\x0e\xe6J\xac\xda\xbf\x83H\x9d\x91v\x08+Q\xfcK\xd6\xdfC\xbcp)\xa2EwFl',1625198505,132449,10000001561,0.00132449
27,2.50E+19,2.50E+12,25,0.25,0xE890EB333d154fBb4242327228d3fFce125A5867,b'\xe0*\xbeF\xdfB\xfbd\xcb\x1a\x81\x9c\x9a\xfe\xb7\xb6\xa7%{\x02_\xa1\xcfH;\x9e\xddN\xc2)=\x02',1625198903,152421,11000000000,0.001676631
28,2.00E+17,0,0.2,0,0xE3b2F16a52671AF6a5d498D3CfDcCCdC2Ad0D58f,"b""n\x87'\xf4\x81dX`\xe6u\xec\\T\x8e\xdf$\xa0\xd9\xc6p\x1bb\x06\xc9\xe0\x85\xf0\x93nj\xe4\x07""",1625201238,132449,7000000000,0.000927143
32,2.72E+19,0,27.24,0,0x68aAA618D6B7F5C9363760AC473d91056Fc7aC01,b'\xb9\xe0\xda\xb4\x86\x97\x8d\x14C)\xf9n\n\xb3\xef-|\xbeN[z\xfd\xcb\x12J\xd4\xf5\x1e%a\xc6\x02',1625207643,132485,10000000000,0.00132485
3,8.00E+19,5.00E+12,80,0.5,0xB3f31aD589Ba65df22ED16341EA623b685DD78E5,b'_\x03\x8f%\xa4/\\i\x94n \xd6\x03\x93\x8c\x8a\x90\xb9\x87\n\x1c\x15\xac\t$\xe5\xcdH\x08N\xbe\xd7',1625209513,185991,11000000000,0.002045901
36,7.13E+19,6.00E+12,71.34,0.6,0xB3f31aD589Ba65df22ED16341EA623b685DD78E5,b'\xc8 \xca\x11:K\x16?\xe9\xb4\x8b\xca*\xbcuIqe\xef\xd2\xa1\xe9\xec\x1e\x9eL?[\x19\x9a{\x07',1625209587,185991,10000001347,0.00185991
50,2.00E+20,3.00E+13,200,3,0x74fF67a092b57040B5EcC017887daf7aFFBF2DCb,b'\xff\x89\xf1-<\x9cT\xb8b\xe6I\xdf\xa2b\x96P5\x90E\x9b\\077\xd8h\x16\x00\tH{\xa8',1625235806,225530,20000000000,0.0045106
49,1.10E+19,7.00E+13,11,7,0xE3b2F16a52671AF6a5d498D3CfDcCCdC2Ad0D58f,b'\x1d\x92:\x0e\xca\x1ch\xbe}\xf2\xba\xdd\x96E\xdc?+-\xdc\x99O\xbd\xa3K\xc2?b\x9cI `]',1625257059,197756,8000000000,0.001582048
7,6.00E+18,8.50E+13,6,8.5,0xE3b2F16a52671AF6a5d498D3CfDcCCdC2Ad0D58f,b'\xb1{S\xf1\xe2\xe7\x1e9\x159\xf2\x1a\x87\xe5H\xb4x_\xe8\xfb\xb4+d\x9b\x03+\x16\x87\xdf\xc4\xbd\xd3',1625257116,197756,8000000000,0.001582048
11,4.95E+18,9.00E+13,4.95,9,0xE3b2F16a52671AF6a5d498D3CfDcCCdC2Ad0D58f,b'\x95\xd83\xcf\xfd1H\x97\xf4lH]\xed\xb3L!\xd4xK\xc6\xea\x95l\x19-uU\xe7\xe0\xbe4\x12',1625257267,197756,7000000000,0.001384292
28,1.10E+19,1.00E+13,11,1,0xE890EB333d154fBb4242327228d3fFce125A5867,b'\xfe\xcbPW\xcc\x1d}\xf9\xe9\x05\t\xe9\x1cj\x94O\xd5\xeb+]\xe3\x91\xa3\xdb\xdc\xc8\x1d\xe4\\zIT',1625258136,214856,10000000000,0.00214856
29,0,0,0,0,0x0000000000000000000000000000000000000000,b'\xa6\x96d%%l\xd0Lo\xf5\xebD\xd3\x0f\x98\x9c\xac\x95\xae\x97\xbe+\xa9\x19\x14\xaam\x12Vb\xdc5',1625263150,122116,10000000000,0.00122116
29,1.03E+20,2.00E+13,103,2,0xED6F4Cd9288FB42F9E119F663B810bE25E857D0B,b'\x11\x19\x12\xa1\rPg\xa9\xc9\xbd\x94\xeb\xd7\xda\xae\r\xc8\x83\x1f\x1d~\x1a\x93\xdb\xaaOh\x16\xbc\x1e\xf6\xd1',1625263242,152421,10000000000,0.00152421
39,1.00E+19,5.00E+13,10,5,0xED6F4Cd9288FB42F9E119F663B810bE25E857D0B,b'\x8f\x1a~\n\x17o\xb2\xb8}\xd1M>\xba!WH}\xad\x06\xb9\xded\xe8\xf9\x01i\x95~\xc3V\xcf\xa3',1625263368,197756,10000000000,0.00197756
32,1.00E+20,3.00E+13,100,3,0xED6F4Cd9288FB42F9E119F663B810bE25E857D0B,b'6\xb3\xdc:=\x80\xb2\x93d\x88\x0b\xb31\x83(\x07\xdd\xaf\xd5d\x06\xe2\xe2\t\x1e\xad\xfa\x08\x92\x17\xc8>',1625263676,197768,10000000000,0.00197768
5,8.70E+19,3.00E+13,87,3,0xED6F4Cd9288FB42F9E119F663B810bE25E857D0B,b'V\x11~\xac\xfe\xdb\xbf\r\xe4^Z\xc4h\xc2\xc4\\P\x80\xf9;\xb0\xed\x88\x85\x9f\xc0\x01\xd5\x14\xc3X\x94',1625263919,202615,10000000000,0.00202615
17,2.00E+19,2.00E+13,20,2,0x68aAA618D6B7F5C9363760AC473d91056Fc7aC01,b'/\x18\xca\x97E\x85tZz\x0c\xcd\x0f\x08\xa7\xda0\xd4<\x07\x8d\xc2B{\xe4\xa5\xc5C\xb69\xdf\x8c\xc2',1625300680,197768,10000000000,0.00197768
28,2.72E+19,2.00E+13,27.24,2,0x68aAA618D6B7F5C9363760AC473d91056Fc7aC01,b'\xdf\x89L\xf2\x11\xc9.\xd3\x90\xef9\xc9\xd4cf\xf3bt\xcf\xa3\xbc\xadj}\xef\xaeV\xc9\xa0\x00\xd4\xe6',1625300774,190862,10000000000,0.00190862
41,0,0,0,0,0x0000000000000000000000000000000000000000,b'q__\xe7\\\xd5\xd7Y\xc1\xebGf\xc7\x06T\xc2\xff\xb9\xa5e \x85\x1b\xc9\xd3\xdc\x80\x88`\x84\xec\x95',1625301023,122116,6000000000,0.000732696
12,4.20E+19,3.80E+13,42,3.8,0xE3b2F16a52671AF6a5d498D3CfDcCCdC2Ad0D58f,b'bf\x18_\t\xa4\xe6+\xb9\xc9\x8a\x1d\xd5\xe7v;t\xeb\xf6\xa8\xa4\xa1KM\xdaf\xed9+\xa6\xd3e',1625301480,202615,6500000000,0.001316998
28,7.30E+19,5.00E+13,73,5,0xE3b2F16a52671AF6a5d498D3CfDcCCdC2Ad0D58f,"b""?\xa4\x11\x92'\xb6y~\xd7Pe\xf2C\xd8[\\\xd5\xed)\xfeZ\x0b\xab^[M\xbd$\xb0\xb0Pj""",1625301480,190838,7100000000,0.00135495
39,6.10E+19,5.50E+13,61,5.5,0xE3b2F16a52671AF6a5d498D3CfDcCCdC2Ad0D58f,"b'\x08\xa3{\xdcl\xff-\\\xee\x96\xa1\x0e8\xaa\xe50H#2\xd9""Cgc?\x8d\xa0\xbbm9\xd9\xd2'",1625301480,190838,7200000000,0.001374034
41,1.00E+19,7.00E+13,10,7,0x68aAA618D6B7F5C9363760AC473d91056Fc7aC01,b'\x00\x17\xf8J\x1b3U\xfa\x87\x06\xb4\x8ap\xde\xa3\xcd\xfb\xe2\xb2\xea\xb2t\x0c\x9aN\xf8\xebYRQ99',1625302535,152409,10300000000,0.001569813
27,2.50E+19,3.00E+12,25,0.3,0x06C650735Ceed6E92c2F21981daa7DDb90A1D51d,b'\x05\x96v\xf5\xd8\x11\xbfu\x99\xdb\xb5&\xd7\xe9\x98\xbaW\x8f\xc2d\x04\xe7+\xcfCQY\xd4\xc9+`E',1625311258,197015,10000000000,0.00197015
41,1.55E+19,8.50E+13,15.5,8.5,0xE3b2F16a52671AF6a5d498D3CfDcCCdC2Ad0D58f,b'z=\xf0\xda\xf5k\xfe\xb9\xea\xb4\xe1z\x1b\x8f\x8bV\xd8XBc\xd9\xcd5\x06e\x998\xe6\x02\x94\xba>',1625314895,190826,4500000000,0.000858717
27,5.40E+19,2.00E+13,54.04,2,0x68aAA618D6B7F5C9363760AC473d91056Fc7aC01,b'\x83(z\xa0_{\xbf\xd8\x97\x13\x95\x8d\xbeV{&\x87\xa6m6\x11\xf7F\x7f\x93$\x86\xba\xe0;\xfbZ',1625315293,190862,10000000000,0.00190862
3,8.40E+19,2.00E+13,84,2,0xE890EB333d154fBb4242327228d3fFce125A5867,b'D9\x7f\x13\xaez.V\xc1\x18-^z\x12\t\xc1\x9ez|\xb4FB\x94\xa2\x9f\xce\x0f[\xc01&m',1625335706,202615,12000000000,0.00243138
14,0,0,0,0,0x0000000000000000000000000000000000000000,b'3\x15\xc8t&\xc5\xaf\x17\x16+DE\xea\x1f\x08FZ\x85\xadj\x98\xaf\x99\xc8*E\xff\x95{\xa01\xf9',1625344589,122116,10000000000,0.00122116
14,5.00E+19,2.00E+13,50,2,0x68aAA618D6B7F5C9363760AC473d91056Fc7aC01,b'0d\xfc\x8a\xace\x05\x8b\xd9~P\x9d8\xf8\xf3\x13\t\x87+ \xe8n\xe9\xee\xd4\xedn\xc9\xfb\xdd\xf4\x1a',1625344634,152421,10000000000,0.00152421
7,4.92E+19,8.60E+13,49.18,8.6,0x68aAA618D6B7F5C9363760AC473d91056Fc7aC01,b'\xffZWHZa\xf4\xf3<Y\xf3r\x1d\xac/.\xf7\xb4y\xb9\x17\x84`fYz\x0bO\x13v\xed)',1625344703,190862,10000000000,0.00190862
7,0,0,0,0,0x0000000000000000000000000000000000000000,"b'\x12""@\x1c\x83\x1a\x12\xba<N\x9f\xf9\x174\xb0\xfd\xf1\x8a\xed\x17\x89\xf9\x08K\x1c\xa2f\xacx\x17\xf38'",1625344754,110339,10000000000,0.00110339
7,5.80E+18,9.00E+13,5.8,9,0xE3b2F16a52671AF6a5d498D3CfDcCCdC2Ad0D58f,"b""\x81yE\x945`Y\xf6\x8ep\xfc\x06\x0e\xb8\xe2\xc3dWM(\xc6\xff\xd4'\x1d;\xfdp\x0c\xc03L""",1625345116,152409,8000000000,0.001219272
7,7.00E+18,9.10E+13,7,9.1,0x68aAA618D6B7F5C9363760AC473d91056Fc7aC01,b'\xdd#o\x04h)\x0f<\xce\xf4\xf5a\xb7e\x0e\xc0ik_d\xb4\xdd\x18\xc8S\x1a\x8dd\xd9\xcf\xc2\x83',1625346457,190826,11000000000,0.002099086
49,1.30E+19,7.11E+13,13,7.11,0xfDC09C96E5B7EBe2F6C36E1bc0B6a6A8C6571C82,b'\x12\x13\xe2\x92a%\xb5\x8b\x88M\x89b\x173\x9dp\x16\xfe\xa1\x1f\xdb0\x1fI\xf2\xa1yM\x8f\xc9\xb3~',1625400342,207926,5000000000,0.00103963
42,8.00E+19,7.00E+12,79.95,0.7,0xB3f31aD589Ba65df22ED16341EA623b685DD78E5,b'\x16\xe4\xfcK 8\xbb\xfd\xc6+\x1e{Y\x03\x01\xb4\x9d\xc0\x97\x1e\xfd\xd9\xf5\xfd\xb1B\x0b\xb7\x11\x01g\x10',1625409082,202615,14000000000,0.00283661
17,1.01E+20,2.01E+13,101,2.01,0x99CCF0db7783927E9a1Ad324e99b6964C587024A,b'2k6$\x00V-\x1cB\x03*\xfc#\x8c\xa8R\xa7\xee\x92\x95\x12.\x99p\x83\x98\xf0\xec\x12\xcbh&',1625416412,190838,17000000000,0.003244246
14,1.02E+20,2.01E+13,102,2.01,0x99CCF0db7783927E9a1Ad324e99b6964C587024A,"b""A/oW>\xe1nK\xae\xce\xcdi\x11\x8a5'\xd7\xcb \xa4\x19\xed\x89^5\x85\x8b^\xe2\x01\xb9&""",1625416600,190838,17000000000,0.003244246
36,1.03E+20,1.01E+13,103,1.01,0x99CCF0db7783927E9a1Ad324e99b6964C587024A,"b""\xfa\xb3\xab\x82\xaf\xf2\x9d\xad\xbc\x92<?l`\xda^_\x80$\xd5rW\xdcY\xd4\xb17K\xcb'\xb8\x19""",1625416779,202615,19000000000,0.003849685
27,1.02E+20,2.21E+13,102,2.21,0x99CCF0db7783927E9a1Ad324e99b6964C587024A,"b""\x88\xbd\xa4 \xa4\xd8'\x19\x85\xe2\x19\xad\x04_$G8\xa6\xf8\xf0\x9b\x0bv\x1dqM\xfc\xd0kV\xd7\xe6""",1625416916,190838,16000000000,0.003053408
42,1.02E+20,1.01E+13,102,1.01,0x99CCF0db7783927E9a1Ad324e99b6964C587024A,b'\x1bC\x04\xbc\xa8dI\xe1\xa9\xb10x\x18\xfb\xed\xc3!\xcal\xe3\xda\xaf`O\xad\xc0b\x8a\x86!\xb6\xda',1625417090,190838,22000000000,0.004198436
3,1.02E+20,2.01E+13,102,2.01,0x99CCF0db7783927E9a1Ad324e99b6964C587024A,b'\x80\x1fj\x9dB\x96Oa\\\xfeH\xb1yx\x89\x16`r\xde\x9d\xa5G\xceO\xc0\xcf\x08\x0f4\xa6\x89E',1625417299,190838,20000000000,0.00381676
37,1.03E+20,2.01E+13,103,2.01,0x99CCF0db7783927E9a1Ad324e99b6964C587024A,b'\x9a\xd8\xb8\xd3k\x80\x93\x1f\xf1N\xce\xacA\x9c\x81\x96\xd7\x82\x81\n\xee\x85\xc1\xab\xd3I\xec\x0ez\xd8E\xc6',1625417357,202615,19000000000,0.003849685
36,1.51E+20,2.00E+13,151.2,2,0xB3f31aD589Ba65df22ED16341EA623b685DD78E5,b'\xec\xf1|\x08\xd2Y\xca\xaa\x1c\xd1E\xfa\xe7\x02\x02H\r\xaf\xba\x96\xe6\xd9\x08L \xf2D\xf0pLj\x1d',1625418770,190862,10500000000,0.002004051
16,1.88E+20,5.10E+12,187.5,0.51,0x99CCF0db7783927E9a1Ad324e99b6964C587024A,b'T7\x1c0*\x04\x0cZ\xd3xc\x8b\xe4\xa9d7\xeb\xf3mc\x0b3ND\t8\xc7\x85\x1d\x14\x89:',1625419185,202615,19000000000,0.003849685
29,1.66E+20,2.01E+13,166,2.01,0x99CCF0db7783927E9a1Ad324e99b6964C587024A,b'\x9c\xea\xf7/q\xd7v\xa0\x1fW\xb8\x1c\x8b)\x998\x8df\x97*}J<\xa9\xa7o:\x99\xd0\xa2\t\xec',1625419295,190838,20000000000,0.00381676
20,1.66E+20,2.51E+13,166,2.51,0x99CCF0db7783927E9a1Ad324e99b6964C587024A,b'\xad\x8d\x85\xc7\xfb\xcb\x0f\xbd\x95H\x15\x97\xff \xf7\xb5\x0e\x13&\x06s\xe1\xc8\x12[\xe4\x8f\x89+\xf9m\x8c',1625419424,202615,22000000000,0.00445753
36,1.67E+20,2.01E+13,167,2.01,0x99CCF0db7783927E9a1Ad324e99b6964C587024A,"b'\x03\x0e\xcaT\xe2\xd7g\x18:92\xe0\x9c\xda\x14\x0e\xdb\x92\xff\x97\xffO-\xdb\x8f,\x1f\x81wt9F'",1625419828,190838,17000000000,0.003244246
42,1.13E+20,3.00E+13,113,3,0xED6F4Cd9288FB42F9E119F663B810bE25E857D0B,b'H{f4\xc9\xe1JrpL\xe6\xc4>o\x80>\xd1\tW\xfc\xa6\x15\xa8\xb2[\xd0j\xca\xf7\x17f\x90',1625423126,190838,15000000000,0.00286257
24,5.10E+20,2.00E+13,510,2,0x26098C24cA52ae70FF173817E2285A7971c22139,"b""\xc2\x9d\x069A \xd0\x8fIL\x1c;\x9c\x0e\xdf5\xddR}\xee\x17To\xe8\xa2'\xaf\x10N\x9f\xf6\x0f""",1625429878,197804,10000000000,0.00197804
33,5.05E+20,2.00E+13,505,2,0x26098C24cA52ae70FF173817E2285A7971c22139,b'\x8ct\xc7k\x89\xfe{\xdf@T\xb2fR\xdb\xed:Gy\x85;E\xe2R\x05\x8eN\xe4P\x82\x11[Q',1625430038,197804,10000000000,0.00197804
34,5.50E+20,2.00E+13,550,2,0x26098C24cA52ae70FF173817E2285A7971c22139,b'\xa7\xf0?\xa1gp\x99\x17i!\x83l\xa2\x19\xdf\x1fRVv@\x92(e\xf1\xecC\xee\xc5g\xfd\xe8\xf4',1625430149,197804,10000000000,0.00197804
49,1.60E+19,7.50E+13,16,7.5,0xE3b2F16a52671AF6a5d498D3CfDcCCdC2Ad0D58f,"b""isLs'\xc7Q\xb3\xc1\xcb\xed\xf8\xcd\xd7\xc3\x1bMVo\xd3\x8e\n\xeavjm\x1bn\xfd\xec'\xab""",1625433470,242126,5100000000,0.001234843
11,4.00E+18,9.10E+13,4,9.1,0xfDC09C96E5B7EBe2F6C36E1bc0B6a6A8C6571C82,b'\xb6\xda\x1e\xe0H\xb0F6v\xb6\xde\x01\x85\xb8\x06\x1e\xadW\x01{ 3\xa9n\xb1\x9b@Qd)\xe8\xa2',1625439442,190826,5000000000,0.00095413
7,8.00E+18,9.20E+13,8,9.2,0xfDC09C96E5B7EBe2F6C36E1bc0B6a6A8C6571C82,b'w\x11j\xbf\x16\x8c\x1c\xdd\xc84\xc4\x91{\xc0\x1cP\xa7D\xd2\xe7\xd1\xf9\xf0\t.\xb2f%\xcc\xc9\xd9Q',1625439550,190826,4000000000,0.000763304
18,2.28E+20,2.00E+13,228.15,2,0xE890EB333d154fBb4242327228d3fFce125A5867,"b""\xfe\x82\xac\x989\xfbs\xcf\xde\xe3\xb8\x14\xc8j|\xbe!\xe1j\xcc\xca!\xffz\xef%\x98t'\x14\xe1\x18""",1625443154,202651,10000000000,0.00202651
3,1.53E+20,3.00E+13,153,3,0x74fF67a092b57040B5EcC017887daf7aFFBF2DCb,"b""\xfa(\xdc\x84.xd\xf5\xd7\xfaY\x12'a9\xbf\x0b\xa6\xa38\x08j\xc1%D\x8bm\x88\x91\x12\nC""",1625468446,190838,10000000000,0.00190838
11,3.85E+18,9.20E+13,3.85,9.2,0xE3b2F16a52671AF6a5d498D3CfDcCCdC2Ad0D58f,b'@fwaj\x9cr\x95\x95}\x11s\x1eb-b\xfb\x0fT\x1b\xbb\x1c\xa17L_\x91o\xdbK\x86=',1625468748,190826,4100000000,0.000782387
11,4.00E+18,9.30E+13,4,9.3,0xfDC09C96E5B7EBe2F6C36E1bc0B6a6A8C6571C82,"b""\x9e\x072M,|Kn'\x99\xdb\xa4\xbe\xbf\xea4\x1b\x97\xb9b\xce.\xa2UD\x1f\xd9\x16j\xc0\x1f)""",1625473062,190826,5000000000,0.00095413
5,1.02E+20,3.01E+13,102,3.01,0x99CCF0db7783927E9a1Ad324e99b6964C587024A,"b'\xf6\xe7\x16ClK\xa0\xa0\x88<,\xdb\xfcj.P\xf2|\xf2$d\xa0Q\xc9""\x8dwAmT\x1a\x1c'",1625503828,190838,22000000000,0.004198436
32,1.03E+20,3.01E+13,102.94,3.01,0x99CCF0db7783927E9a1Ad324e99b6964C587024A,b'\xcc\xa3\xcb\x8a\x14`\x1f\xad\x7f- \xd2q<\xd5@NHbC\xe9a@\xf3\xe8!PD;\xbd\x12e',1625503877,190838,20000000000,0.00381676
7,1.00E+20,9.30E+13,100,9.3,0x68aAA618D6B7F5C9363760AC473d91056Fc7aC01,b'\xc2j\x07\xac\x94a[X\xccw9V\xaf\xa25\x90\xdd+\xadP=8\x82\x1f\x9b1\x1f\xb1\x9a%\x91m',1625590714,190838,65000000000,0.01240447
7,0,0,0,0,0x0000000000000000000000000000000000000000,"b""\x8c\x9bDo'\x01\x12\x88\xfa\x10\xd8\x97\xe8E\xc8G|\xad\xa0\x9e\xde5\x93\xa4B\xf9\x01\x1bz\xf2\xd1\xab""",1625592201,127439,76000000000,0.009685364
7,1.00E+20,3.00E+13,100,3,0x68aAA618D6B7F5C9363760AC473d91056Fc7aC01,b'\xd8H\x9b%K\xe7\xe0\x05\xca\xa4;\xe8\x02\xfcx\xdb\xf88\xd0\xc4`\xd7\x16V\xe8\xa3\x97\xa64CO\xe3',1625592819,152421,70000000000,0.01066947
28,1.00E+20,6.00E+13,100,6,0x68aAA618D6B7F5C9363760AC473d91056Fc7aC01,b'\xb6\xefx \x84=\xd1\xb8)s\x19\x1b\xeaY\x93\x83\x0b\xba\xfb\x87E\x9c\x15w\xf0\x1b\xf2r\x94\xcd\x128',1625593192,190838,71000000000,0.013549498
28,0,0,0,0,0x0000000000000000000000000000000000000000,b'o\xaa\x87\xca\x03\x88\xbfQ\xb4\xcb0\x93\xe4\xda\xcd\xb1\xad\xdc\xae\xe5\xaf4\xc6\xf9\xd2\x19=`\xd4\x00<\x97',1625593399,110339,71000000000,0.007834069
28,1.02E+20,3.00E+13,102,3,0x68aAA618D6B7F5C9363760AC473d91056Fc7aC01,b'\x9b\x03\x0f\xbb\xad\xe5\x87\xba_j\xa3\xd5\x91f\xe7\xdfNB*7\x1b\x1f\xc9\x8d\x9a\r\xd6\xac\x84\xb9\x04\x8d',1625593569,152421,71000000000,0.010821891
39,2.01E+20,6.00E+13,201,6,0x68aAA618D6B7F5C9363760AC473d91056Fc7aC01,b'li\x86\xa8C2\xe0\x04p\xb8im\xdd\xc5\xca\x8bB7\x17E%@\x9d\x12\xe1\xc9\xdc\xb5\xa4\xc4$\xfb',1625594174,190838,62000000000,0.011831956
39,0,0,0,0,0x0000000000000000000000000000000000000000,"b'>\xbe\x03\xe6+b\xf7\xc8\xcfR,lt:I\x9a\xa7\xcf}\xfaM\xb7S]FU\xe1l\xa5\x1a\x9e\x90'",1625594764,110339,60000000000,0.00662034
39,201,0,0,0,0x68aAA618D6B7F5C9363760AC473d91056Fc7aC01,"b'\x96\xf8\x9c\xbf\xf6\xbbi\xe3.IC\x1c\xa3\xf1""!/\xf9/kC)I\xa2\x95\xeb\xc8\xbf\xb9/\xc0\r'",1625595135,132389,65000000000,0.008605285
39,0,0,0,0,0x0000000000000000000000000000000000000000,b'[\x9eM(\xda\xd2\xfe\xbe\x9euKep\xb4$\xf9\xcb\xfd\xbaTAt\x0c\xae[\xc5\\\xeaT\x02]\n',1625595798,100592,44000000000,0.004426048
39,2.01E+20,1.00E+11,201,0.01,0x68aAA618D6B7F5C9363760AC473d91056Fc7aC01,b'l\xff\xc1U\x94^Lh\xb5\xd4\x82\xd0\x97\xcb\xda\x80\x1b\x9e\x9c\xda\xf6\x97\x8ag\xdbX\xc1\xda\xa7\xc9\xebk',1625595922,152409,44000000000,0.006705996
28,1.23E+20,3.20E+13,123,3.2,0xE3b2F16a52671AF6a5d498D3CfDcCCdC2Ad0D58f,"b""\xde\xa9\xf6\xd2\xee\xf3\xd1\xad\xe9E|iWa\xcd\xb5^u'\xb4o\xd8uH\x1b\t\xd7\xe5\xa3\x8cm\xf3""",1625654943,190826,21200000000,0.004045511
36,2.10E+20,2.10E+13,210,2.1,0xbD75540343904343A49E084523596Ed8d9978d7b,"b""\x81'\x96I\xb2\xd7,\xd1HG\xd7\x1f\xc4\xb2S\xbd\x15\x17\xb8\xaaM\xb4\xd0\xb8'\x12\xee\xa6\x96\xdfOw""",1625659860,190838,33000000000,0.006297654
16,2.10E+20,6.90E+12,210,0.69,0xbD75540343904343A49E084523596Ed8d9978d7b,b'I\x06\xe4yt\xedg\xf9D\x82\x9e\x98\x92\x17_\xe8\xa0ew\xd6&\x99\x12i]\xdd\xf35R\xe2\xdc\x88',1625659962,190838,33000000000,0.006297654
39,4.09E+20,2.00E+11,408.71,0.02,0x2c39B8C5B9D31299449474A4D0bcd8F9A32751E4,b'\xb4\xc12\xc4K\xe93^\xaf\xce\x8c!\x1b\\\x07tf\x96}\xedO\xaf\x91\xfb\xf4\x0f\x1d.a\x87\x10V',1625699525,190826,38000000000,0.007251388
41,0,0,0,0,0x0000000000000000000000000000000000000000,b'\x9bh2\x8b\xd1[\xc3\x87\x10Ya\xb6f\xc2\xfe\x95\x89\x99\xd4a\xa2%\xc6Il\xbf\xe5\xab\x1a\x03\x1c\xf0',1625883227,110339,9300000000,0.001026153
49,0,0,0,0,0x0000000000000000000000000000000000000000,"b'\xf0\xdc\xa3\x18~\xb3=V\x05J,I\xcb\xfe$\xe0\xd3\xf2\xd0\xcfL:o\xb6\x88\x9a8t\xf5d\x90\xdc'",1625883227,110339,9200000000,0.001015119
41,1.50E+20,3.00E+13,150,3,0x68aAA618D6B7F5C9363760AC473d91056Fc7aC01,"b""4\x80\xaf\x02\xcb\xc0\xa2\x84\xf9\xff\x87uokc\xa5K\x91:Q\xe0\xf0T!\xe33\x80\x1a\xf2'[\xdd""",1625885164,152421,13000001459,0.001981473
49,1.50E+20,3.00E+13,150,3,0x68aAA618D6B7F5C9363760AC473d91056Fc7aC01,b'P\x07\xd4\xbbiE\xcc\xc4[\xbdR\x04\xb4+\x95\x85\xce\xd3D\rj\x82\xf5X\xdc\x8eqz\xcb\xd5R\n',1625886186,152421,14000000000,0.002133894
42,1.24E+20,3.01E+13,124.07,3.01,0x99CCF0db7783927E9a1Ad324e99b6964C587024A,b'l9\xe4q\x8d[\xd2\x06\xfe\xd9*|\x07\t\xe2\xf1\x10\xacv\xdf\x14\xb6L\xbe<\xe0\xd1b\xdf\x9f\xda\x1e',1625967280,190838,10000000000,0.00190838
7,1.15E+20,3.01E+13,115,3.01,0x99CCF0db7783927E9a1Ad324e99b6964C587024A,"b'\xe7X=\xb4\xad\t?\xe8\xcbK,/\xfdvhQ\xbf\xaa\xa9*\xa6y({5\xc2\xf4o\x8c_\xf5Q'",1625967344,190838,10000000000,0.00190838
11,0,0,0,0,0x0000000000000000000000000000000000000000,"b""\xcc\xb71\x129x;\xb4\xcaOjlf\xa8%UzQp\x9d\x19_\xb3G'\\\x7f\xcd\x10\x89\xf0`""",1626040877,110339,9000000000,0.000993051
11,7.00E+18,0,7,0,0xfDC09C96E5B7EBe2F6C36E1bc0B6a6A8C6571C82,"b""\xab\x0b+\xa7\x1c\xda\x92'9D\xc3\x03E\x10\x02\xbb\x99\xc4l\xbc\x87\x14a\x8es\xad/\x05\xd5\x0c\x85\xcf""",1626041438,132449,7000000000,0.000927143
12,0,0,0,0,0x0000000000000000000000000000000000000000,"b""iD\xde\xc6\xa2\x96\x89h\xcc\xb0\xe0\xed\xbd\x84<'\xc9G,\x04;\x12xE\xff\x07gI\xbcb\x9c\xf9""",1626171079,110339,15010000000,0.001656188
28,0,0,0,0,0x0000000000000000000000000000000000000000,b'60\x05\xfe\xa5\x01 J\x10\x18\x9c\xe0\x10\xe5]dY{@U\xdb\xf9\xb3\x1dB\x821B\xa6\x80\x95\x98',1626171150,110339,15010000000,0.001656188
11,1.71E+19,10000000000,17.08,0,0x203165Bb2109f960e02Fe44d15f446EFEe1Db60D,b'\x86\xd9\x0fr*!\xb1\xbb7\x03\x00yC9!=\xa1\xc8#\x96V\xf5Qw\xfe\xc3\x0e9+\xbb\xe2\x05',1626382297,185967,36000000000,0.006694812
12,7.00E+18,3.00E+13,7,3,0xfDC09C96E5B7EBe2F6C36E1bc0B6a6A8C6571C82,"b""Y\xb1,\xd24\xff\xf7Q\xab\xf7o]\x8ei\xbe\x089\r\xf8{-\x91\x9fy\x84\xech\x0e\xcd\xb2'\xea""",1626412991,152409,20000000000,0.00304818